location_id,hour,zone_hour_avg_dispatch,n
232,16,292.56519520285786,3919
169,16,253.27831715210357,4326
141,16,211.5139318885449,5814
239,16,207.1443712863337,6227
113,16,189.64569019362898,6404
234,16,191.72148233931674,10362
140,16,236.75525210084032,6664
149,16,221.82974634896235,2602
192,16,213.96882129277566,1315
208,16,240.69771723122238,2716
14,15,212.77902542372883,4720
14,16,207.81446028513238,4910
25,16,238.34158694428814,5331
246,16,230.5843559562568,11979
231,16,212.2927637994929,10254
162,16,197.8990261404408,7804
94,16,250.3466924191212,2071
20,16,247.52961551783858,2887
65,16,272.56362169792294,4959
203,16,282.9364833462432,1291
29,16,232.57522543901283,2107
21,16,228.76192434210526,2432
181,16,195.13428446961447,9182
97,16,241.87415076027176,6182
256,16,211.72889258950875,6005
188,16,257.1815561959654,7634
79,16,194.1853706191232,8189
83,16,237.1949058693245,1806
255,16,189.3513236986827,7819
236,16,205.29588431590656,8990
143,16,209.25632377740303,5337
102,16,233.24806554392353,2197
231,15,209.26642105263159,9500
249,16,187.9591904445919,6028
260,16,206.25784447476124,3665
15,15,276.0918674698795,664
42,16,251.52428998505232,8028
98,16,232.98917748917748,924
220,16,233.49290780141843,3384
227,16,247.34738243123337,2254
40,16,200.02363238512035,2285
256,15,214.4794724131525,5383
211,16,217.60647797790222,6607
89,16,239.13439955106622,7128
228,16,234.17598217901985,4938
19,16,270.0675862068966,725
178,15,235.16465863453814,996
22,16,233.45006053268764,3304
237,16,189.8736795774648,9088
142,16,205.0531914893617,5922
244,16,249.4033922261484,7075
137,16,238.90081875697805,5374
191,16,232.7892503536068,2121
200,16,263.50346534653465,2020
167,16,253.15916260395755,3487
196,16,243.7503709198813,2696
215,16,229.419208573784,2426
145,16,198.8658896034298,7464
230,16,220.6235244519393,9488
168,16,262.97777029302796,5938
177,16,252.62291495761554,3657
48,16,209.95652832475008,6602
142,15,208.67226148409895,5660
125,16,215.5938864628821,3435
205,16,240.17008443908324,3316
162,15,193.31471927162366,6590
13,16,227.71748878923768,4683
248,16,230.41610738255034,1937
212,16,225.39071038251367,2196
106,16,206.0528992878942,1966
49,16,227.4757570453352,5713
155,16,252.73935318603907,3123
23,16,298.794623655914,1860
88,16,232.86740331491714,2715
42,15,267.6642308176893,7937
54,16,218.94323144104803,458
69,16,278.8486302739452,5001
262,16,227.3446162824628,3427
55,15,240.4330612244898,2450
55,16,236.6291817815397,2481
213,16,248.22102542007755,4642
242,16,262.44015611448395,4612
185,16,252.75691758405236,3361
25,15,247.79842225451526,4817
193,16,232.86193293885603,1521
136,16,245.30020618556702,2425
254,16,238.988964792433,3806
141,15,216.58760314718864,5211
125,15,204.73248997223078,3241
41,16,235.56039325842696,6408
74,16,253.9997063573631,6811
24,16,225.8891797556719,1146
117,16,310.58918005071854,1183
158,16,185.56144151240645,5078
183,16,237.88244897959183,1225
53,16,257.4987212276215,1173
181,15,206.56141374081417,8573
10,16,211.6032649962035,2634
251,16,267.25029103608847,859
158,15,184.45397170837867,4595
48,15,201.05896427961034,5851
134,15,227.2041505791506,2072
6,16,257.9388560157791,507
250,16,227.40760644894584,2419
81,16,241.44733044733044,2079
257,16,212.70474777448072,1348
245,16,271.53132530120484,830
69,15,298.12476449654594,4777
149,15,228.2463706233988,2342
244,15,240.08676386506576,6996
254,15,257.41830065359477,4131
219,16,260.0788662969809,1623
189,16,225.0282791817088,3324
127,15,237.80286493860845,2932
145,15,198.26352721035397,6413
237,15,197.16901072705602,8390
146,16,204.2482486865149,2284
140,15,251.50358034970859,6005
213,15,257.06180968564144,4708
79,15,203.72036244651397,7946
137,15,236.18089223874517,4909
262,15,250.01975818342672,3391
230,15,203.923087141339,7528
38,16,222.97619047619048,840
41,15,246.04600811907983,5912
31,16,258.4214559386973,522
127,16,232.3438453713123,2949
218,16,224.66614583333333,1920
167,15,274.2747153984422,3338
246,15,224.09872492030752,10666
207,16,265.4725274725275,91
143,15,212.7465065931903,5081
178,16,235.62622658340769,1121
221,16,255.19793103448276,1450
188,15,268.3172152636178,6866
134,16,226.330255057168,2274
236,15,223.5428178378998,8723
211,15,211.2962836685987,5866
242,15,240.9866515837104,4420
44,16,343.62417582417584,455
189,15,228.23223223223223,2997
22,15,232.30273498899717,3181
191,15,242.64302942595273,2073
117,15,323.5157232704403,1272
40,15,207.64910485933504,1955
227,15,245.01794753796594,2173
65,15,277.52983240223466,4475
9,15,234.00684150513112,877
187,16,264.5699346405229,765
74,15,269.07775480998566,6289
169,15,273.41278517110266,4208
255,15,188.76854896354538,6995
190,16,245.45764854614413,791
15,16,276.20679886685554,706
228,15,242.3017814981756,4659
89,15,244.27776141384388,6790
94,15,264.288414929714,2063
120,16,238.29166666666666,96
93,16,265.2239819004525,442
176,15,314.7029702970297,303
9,16,222.66892655367232,885
176,16,317.55115511551156,303
113,15,193.53051948051947,6160
20,15,260.42790387182913,2996
24,15,226.28266666666667,1125
203,15,293.44547563805105,1293
111,16,189.7,40
220,15,241.0309559939302,3295
97,15,255.5265256588072,5768
239,15,208.98816768086544,5916
49,15,243.16096893924595,5119
53,15,247.0269259536275,1337
234,15,189.79612780363945,9452
168,15,276.4612720976854,5487
219,15,265.07730673316706,1604
177,15,270.51189452565205,3489
84,16,305.140350877193,399
185,15,242.57115568290354,3141
88,15,214.7009024495058,2327
218,15,239.00829015544042,1930
260,15,208.17584269662922,3560
208,15,242.42567567567568,2812
155,15,254.39267015706807,2865
84,15,309.0390243902439,410
232,15,289.0540060851927,3944
106,15,225.17569880205363,1753
5,16,299.7181467181467,259
13,15,210.24220233251967,3687
83,15,229.19015280135824,1767
29,15,233.19448621553886,1995
215,15,240.40591589451176,2806
98,15,258.7546699875467,803
183,15,234.83698510078878,1141
196,15,243.488,2625
23,15,319.97186836518046,1884
136,15,254.52540834845735,2204
146,15,214.00493096646943,2028
212,15,243.11408815903198,2314
221,15,257.3070866141732,1397
10,15,217.47998708844415,3098
44,15,340.6200466200466,429
102,15,237.5837962962963,2160
250,15,235.09717097170972,2439
2,16,389.0,2
248,15,244.11814137419674,2023
249,15,185.00366483424955,6003
200,15,258.23633232888506,2323
81,15,256.1580357142857,2240
93,15,258.0629539951574,413
205,15,265.11716774374827,3559
38,15,239.61653386454182,1004
245,15,281.21664626682985,817
193,15,233.4314013206163,1363
6,15,273.37269372693726,542
257,15,221.7013093289689,1222
31,15,273.3543689320388,412
190,15,243.29641185647426,641
187,15,283.9887640449438,712
5,15,317.368,250
19,15,274.78525226390684,773
27,16,516.8260869565217,23
21,15,228.81289242360822,2389
140,17,281.03874813710877,7381
262,17,268.7832001727489,4631
239,17,231.87546780229707,7749
145,17,225.84021658350144,9419
155,17,272.55787102224724,3551
38,17,233.46854663774403,922
231,17,257.8547403980319,13617
142,17,228.63217928073,7452
230,17,246.99955404923296,11212
237,17,221.88740754269017,10951
256,17,229.01341928693594,7601
244,17,292.2450247179617,7889
255,17,212.7751083103584,10156
249,17,204.74933434766072,7887
65,17,307.75024326954264,6166
141,17,245.47486755394755,7739
215,17,240.08245408362643,2559
83,17,256.7820190858865,1991
106,17,233.5342987804878,2624
74,17,278.112258765969,7358
19,17,283.11494252873564,609
236,17,238.06498572787822,10510
25,17,276.0129206730769,6656
125,17,256.13020503064894,4731
79,17,209.93855320733638,10741
234,17,219.0695699173809,12951
143,17,245.17181496849545,6507
13,17,315.18404286128003,6906
21,17,238.0346032855645,2861
177,17,272.69795427196146,4155
162,17,244.59994310639104,10546
246,17,272.7909810325336,15922
113,17,210.96300116024236,7757
167,17,269.635,3600
84,17,326.304469273743,358
228,17,259.6711051930759,6008
191,17,245.631322094055,2254
88,17,299.2263492063492,3150
89,17,260.0015751847813,8253
205,17,257.96286031042126,3608
10,17,221.19803104884514,2641
117,17,333.56771231828617,1307
260,17,218.8842603550296,4225
196,17,259.7044235924933,2984
193,17,239.07816377171216,1612
181,17,219.40682226211848,11140
48,17,234.69065927139795,7933
188,17,276.11808300395256,8096
55,17,249.88432835820896,2680
42,17,281.19934246575343,9125
137,17,273.13298499915726,5933
41,17,267.92467145373257,7381
213,17,252.64741035856574,5020
20,17,267.70169712793734,3064
232,17,311.72783890388206,4817
24,17,252.2059620596206,1476
211,17,237.1243080020131,7948
158,17,213.62338255442228,6569
146,17,213.94520547945206,2847
49,17,261.8689683860233,7212
102,17,253.81226533166458,2397
187,17,296.3348571428571,875
97,17,277.85924112607097,7353
169,17,285.2757468142887,4787
254,17,256.34590467376216,4322
242,17,274.85291438979965,4392
220,17,272.9296092184369,3992
189,17,261.8566767653228,4291
127,17,253.44619883040934,3420
185,17,267.8838672768879,3496
176,17,331.03333333333336,300
200,17,292.3349429323968,2278
136,17,270.89764754436646,2423
22,17,242.61775020231994,3707
168,17,290.2446675031368,6376
14,17,219.85826071492087,5623
98,17,244.3692614770459,1002
248,17,248.0447695035461,2256
69,17,301.20305429864254,5304
23,17,295.25955414012736,1884
208,17,252.26522327469553,2956
178,17,252.50433412135538,1269
251,17,282.17857142857144,868
94,17,285.3806366047745,2262
40,17,234.0515254237288,2950
134,17,249.51826015592943,2437
250,17,252.18096272167932,2763
192,17,227.043341213554,1269
29,17,241.7781690140845,2272
218,17,247.5787863335033,1961
54,17,240.3782837127846,571
257,17,231.247197640118,1695
15,17,293.721399730821,743
6,17,283.3847583643123,538
31,17,273.5174825174825,429
183,17,256.70352564102564,1248
221,17,272.6621534493875,1551
81,17,256.5848345203184,2387
203,17,294.1677344205009,1717
227,17,268.7632567849687,2395
53,17,270.8696383515559,1189
219,17,270.0515463917526,1649
190,17,290.3590308370044,908
212,17,239.01503469545105,2594
5,17,311.82775119617224,209
245,17,289.6615969581749,789
44,17,334.1138952164009,439
149,17,235.9624908958485,2746
93,17,267.72025052192066,479
9,17,236.7909199522103,837
120,17,324.81553398058253,103
111,17,221.71052631578948,38
207,17,229.56923076923076,65
237,18,254.81525098137476,11973
141,18,282.80472458328734,9059
162,18,282.349938714761,11422
79,18,222.3764516345573,14897
262,18,301.39380358534686,5132
188,18,286.9932769212936,8627
191,18,240.43961129106896,2161
145,18,251.11120401337791,10764
249,18,225.23978404542493,10743
239,18,248.5958200928868,8182
236,18,260.2153541178591,11098
25,18,285.1234030986681,7358
228,18,261.7531486146096,6352
230,18,278.49658487224895,11859
177,18,276.7712344280861,4415
5,18,336.8131313131313,198
48,18,260.2617610324729,9608
246,18,317.9270744103706,17511
41,18,294.42379807692305,8320
146,18,228.50925925925927,3132
97,18,291.30723746452225,8456
167,18,263.46670477279224,3499
89,18,261.82311080989496,8853
125,18,278.18549004594183,5224
137,18,303.8657057228486,7007
134,18,241.41984419844198,2439
140,18,312.45191594561186,8090
256,18,240.85155010051847,9451
234,18,253.4796998526062,14926
260,18,242.10507647971625,4511
142,18,246.41293474467838,8597
211,18,262.0033385265969,8986
168,18,282.8217962933629,6313
221,18,278.791788856305,1364
255,18,228.5262403440312,12557
113,18,240.25951059017066,9726
185,18,254.17267267267266,3330
231,18,287.3889812092548,15646
178,18,248.15751789976133,1257
83,18,270.5900523560209,1910
193,18,251.51460090850097,1541
158,18,233.14463589485598,7951
189,18,270.7787031528852,5043
29,18,233.58251519401588,2139
227,18,268.89783653846155,2496
20,18,253.026588845655,3084
242,18,247.57142857142858,3794
232,18,321.5576783114993,5496
21,18,242.7395251396648,2864
42,18,297.6000200944439,9953
106,18,239.90462734016248,2831
23,18,304.7183646982479,1541
13,18,351.46018354055656,6756
181,18,225.45028319697923,12712
49,18,276.62568785856456,8541
65,18,324.8486673693721,6641
219,18,260.8569037656904,1195
40,18,239.00584112149534,3424
196,18,277.9605344934742,3218
98,18,242.66596638655463,952
155,18,279.29334554334554,3276
215,18,242.9349593495935,2460
74,18,306.8427790206314,8046
143,18,257.4102741622819,7222
257,18,232.83552631578948,1976
6,18,284.2278481012658,474
94,18,274.5349407437679,2447
88,18,324.4722040549379,3058
149,18,237.46875,2848
38,18,243.2375296912114,842
205,18,250.6333938294011,3306
208,18,245.6898884004058,2957
213,18,260.3230516142299,4863
254,18,254.6377745940783,4188
250,18,234.6755485893417,2552
169,18,265.02888842369686,4777
24,18,283.28816676885344,1631
9,18,242.78453038674033,905
218,18,236.26790450928382,1885
102,18,260.7920754716981,2650
127,18,257.1987235277052,3447
10,18,222.96164830681354,2451
53,18,275.00518582541054,1157
190,18,279.957345971564,633
192,18,233.6525353283458,1203
19,18,271.39384615384614,650
69,18,278.6924256951103,5215
244,18,284.8586073259157,7999
248,18,247.01148482362592,2438
220,18,274.41154951659263,3827
84,18,331.9375,384
81,18,264.83701188455007,2356
183,18,251.9622205088666,1297
136,18,269.67787333854574,2558
212,18,241.48698604300264,2651
14,18,229.24962153069808,5945
22,18,250.51613756613756,3780
55,18,245.38298755186722,2410
200,18,309.0792682926829,1968
187,18,307.04748603351953,716
15,18,314.9943342776204,706
207,18,268.92957746478874,71
203,18,287.71014492753625,1449
251,18,290.0956937799043,836
245,18,318.7609289617486,732
54,18,240.13601236476043,647
117,18,342.2100386100386,1295
111,18,287.4761904761905,21
31,18,268.2168021680217,369
44,18,367.4169491525424,295
93,18,297.979797979798,297
176,18,322.4917491749175,303
27,18,508.2,20
120,18,322.23333333333335,90
68,19,233.72747580044677,13430
161,19,262.2094395280236,17289
223,19,222.64967347798608,4747
114,19,210.04134426608152,8659
229,19,251.37479142600435,7791
170,19,275.3030179777109,12293
80,19,215.43088632457648,8146
243,19,256.4838580308803,4987
62,19,263.0407589599438,4269
61,19,262.8525492649359,15985
130,19,252.78342351854295,7577
138,19,435.7362532275031,20914
7,19,212.91222417496581,10242
17,19,263.36961904761904,10500
107,19,230.93548085901028,10710
16,19,239.51836243226973,1661
238,19,248.30511373353858,5847
151,19,264.29002663509914,3379
4,19,266.70202160066464,3611
224,19,278.6275471698113,2650
144,19,237.73363905608102,10467
72,19,276.9818784530387,4525
129,19,265.9076857629041,7052
92,19,251.3017730496454,5640
204,19,329.3695652173913,184
90,19,211.64244120940648,8930
82,19,260.76738141650424,7695
166,19,257.30445795339415,5922
261,19,295.85140474100086,4556
30,19,346.4130434782609,46
263,19,256.57771026543014,6254
75,19,279.0197940350408,7477
132,19,340.6585807143336,14923
233,19,284.16272230780004,7141
112,19,206.76416394007234,11614
66,19,267.2337458259674,5091
76,19,253.72191334355827,10432
71,19,259.3209748509204,3857
85,19,257.50755287009065,3310
164,19,246.98201099764336,12730
163,19,226.8629835312141,10444
95,19,261.5199330917201,7174
259,19,265.34125726360276,1893
159,19,255.99374873966525,4959
126,19,269.7248165443629,2998
206,19,268.64395604395605,1820
115,19,310.60176991150445,565
87,19,275.6683311432326,7610
37,19,229.84789780898402,11821
156,19,270.561876247505,1002
70,19,246.2081470442126,2013
173,19,296.77767612076855,2186
33,19,254.9473152667901,5941
100,19,259.7094673568208,5989
179,19,227.5453533667223,3594
86,19,334.5777930089102,1459
45,19,253.92588996763754,3090
39,19,262.88817169598195,6197
148,19,227.7862718479552,11786
131,19,234.8290723155588,1369
121,19,238.66885411408379,1981
3,19,254.31837837837838,1850
91,19,253.05990016638935,4207
50,19,238.6054785368298,5987
43,19,243.71075837742504,1134
77,19,246.9353846153846,2600
118,19,329.25396825396825,1260
119,19,254.56400679117147,2945
235,19,265.2360849690777,3719
160,19,251.9422057264051,1886
225,19,252.59900885702234,9484
123,19,236.31549644293227,3233
174,19,233.6193582050613,3833
52,19,220.93245158242797,2117
67,19,231.8560105680317,1514
186,19,228.1135345085151,6694
198,19,232.98223961468995,6644
133,19,232.3031218529708,1986
195,19,266.4606458123108,1982
171,19,224.77942857142858,1750
135,19,237.0705725699068,1502
217,19,280.6784140969163,1816
36,19,219.27988230967267,8157
209,19,279.8497171145686,2828
11,19,240.16666666666666,1074
51,19,280.04654410053524,4297
78,19,240.79588875453447,4135
63,19,230.0721048798252,2746
241,19,251.94144144144144,3552
34,19,268.15633187772926,1145
18,19,252.37829525483303,4552
47,19,242.96420047732695,2933
157,19,245.4731182795699,2325
152,19,286.64331450094164,2655
226,19,241.92343387470999,6034
202,19,304.4086956521739,690
116,19,277.8958153580673,4636
122,19,237.87305699481865,772
210,19,239.55083120204603,3128
124,19,261.7826714801444,1385
197,19,240.09218436873746,3493
247,19,279.73804463336876,5646
35,19,269.8019315188762,5695
147,19,244.25705489994868,1949
180,19,229.4052089642641,1651
252,19,271.7817869415808,1164
60,19,260.8940779971112,2077
258,19,234.7978533094812,2795
32,19,242.05820105820106,2079
216,19,203.42135957718244,5487
139,19,255.25825825825825,1332
153,19,245.53139356814702,1306
182,19,227.7150959860384,2292
26,19,269.539656582175,6115
108,19,236.75918367346938,1225
56,19,259.157659488013,2461
64,19,318.9712643678161,522
172,19,309.7344262295082,610
214,19,287.2133152173913,736
57,19,294.7471264367816,174
154,19,432.95402298850576,87
28,19,244.43255578093306,1972
165,19,232.80452342487882,3095
73,19,230.49506037321623,911
101,19,280.06584992343033,653
175,19,262.427868852459,610
222,19,282.5310344827586,1015
59,19,255.3953488372093,86
46,19,412.3730569948186,193
109,19,304.5854166666667,480
150,19,236.84304932735427,892
58,19,311.9026548672566,226
128,19,227.94915254237287,472
240,19,264.2720207253886,386
184,19,291.6771653543307,127
201,19,348.439453125,512
194,19,440.79470198675494,151
99,19,294.94117647058823,17
96,19,260.82828282828285,99
12,19,274.9591836734694,49
166,20,240.09698825931596,5877
179,20,216.43947982660887,2999
263,20,219.61967026719728,5277
62,20,241.32506329113923,3950
61,20,239.72988211173757,13657
107,20,202.38947368421051,10165
144,20,209.03712563391062,10451
163,20,232.47331848552338,11225
37,20,210.85487404162103,10956
229,20,219.44905660377358,6890
225,20,228.194728607534,8309
109,20,334.81723237597913,383
33,20,226.7466946484785,4765
151,20,229.6029304029304,2730
7,20,203.4886558219178,9344
165,20,226.98442367601245,2568
95,20,249.0338087691495,5679
138,20,448.52921830314585,20980
66,20,237.3107182320442,4525
148,20,210.98870487674577,13103
233,20,242.30683447506772,6277
164,20,230.50202525613534,12591
161,20,298.88842368549837,18391
45,20,234.43457280726653,3523
68,20,213.4716566215996,12278
35,20,256.9495403872482,5113
135,20,245.91131284916202,1432
121,20,244.68480861244018,1672
101,20,317.79122807017546,570
16,20,245.02699055330635,1482
90,20,195.09158415841586,8080
186,20,211.4271891630382,6201
160,20,243.24455205811137,1652
85,20,247.28025912035457,2933
261,20,253.2013452914798,4460
132,20,360.0540259422418,16344
173,20,283.9367088607595,2133
92,20,260.32030420940924,5654
209,20,247.88877302745917,2877
182,20,226.5053314789059,2157
247,20,270.28340840840843,5328
226,20,228.8937054631829,5052
87,20,239.92368421052632,7220
130,20,238.731508092573,6611
39,20,258.3578168362627,5405
223,20,218.8002309468822,4330
238,20,218.3304657994125,4766
114,20,192.74963103520977,9486
50,20,217.93769592476488,5104
76,20,261.3180238070157,9493
197,20,239.11307053941908,2892
75,20,254.13641524736414,6165
170,20,242.95817902628488,11071
63,20,227.19787234042553,2350
216,20,205.67844974446336,4696
180,20,235.10623714873202,1459
224,20,249.05510752688173,2232
43,20,223.53846153846155,1131
3,20,251.29127906976746,1720
36,20,201.7600301848824,7951
71,20,254.07711581291758,3592
235,20,264.1358725013506,3702
4,20,236.91481151677056,3369
112,20,193.19982556449267,10319
82,20,247.11541260369668,6871
157,20,260.98706697459585,2165
198,20,217.58689410572538,5921
17,20,226.18906556305816,9182
129,20,254.85853658536584,6355
159,20,239.89126891734574,4295
100,20,248.02174669450244,5748
32,20,233.84370015948963,1881
133,20,218.73393393393394,1665
258,20,233.60484185864897,2561
96,20,234.57608695652175,92
80,20,194.49169214409145,7523
52,20,196.91064049586777,1936
174,20,234.20448954489544,3252
259,20,260.94100294985253,1695
119,20,248.60312732688013,2686
47,20,235.89901290812452,2634
116,20,249.7851037851038,4095
126,20,262.0132501948558,2566
72,20,263.39147869674184,3990
28,20,239.23889246619447,1553
152,20,254.80586236193713,2354
171,20,228.85093542546772,1657
222,20,299.1286804798255,917
202,20,290.21598639455783,588
210,20,240.49638370765132,2627
18,20,242.4922126081582,4045
86,20,319.0779220779221,1309
78,20,230.33091647331787,3448
56,20,258.37624209575426,2214
77,20,249.02182866556836,2428
123,20,226.1703757752645,2741
60,20,259.2501336183859,1871
147,20,244.0119318181818,1760
91,20,252.2592695846111,3587
70,20,242.425796006476,1853
131,20,235.79574861367837,1082
139,20,257.0467784642542,1133
118,20,343.05765407554674,1006
51,20,292.65369161225516,3982
124,20,280.84054669703875,1317
241,20,246.75734652313065,3437
206,20,267.2254071661238,1535
204,20,349.7664233576642,137
195,20,262.3249058633674,1859
243,20,236.20158696118378,4663
26,20,257.11517640470413,5357
172,20,328.54478976234003,547
252,20,291.5881708652793,913
156,20,300.86015538290786,901
11,20,237.0826359832636,956
153,20,231.35446428571427,1120
154,20,361.55405405405406,74
67,20,234.00367917586462,1359
115,20,298.51908396946567,524
108,20,243.19124643196955,1051
214,20,306.05670103092785,582
34,20,230.57396449704143,1014
217,20,246.53631609529344,1721
150,20,241.8536036036036,888
73,20,242.76521739130436,805
240,20,259.45558739255017,349
57,20,304.2694610778443,167
201,20,361.83009708737865,412
64,20,336.67161016949154,472
184,20,266.61386138613864,101
175,20,274.8433333333333,600
122,20,238.27669172932332,665
128,20,207.42450142450141,351
58,20,321.625,208
46,20,364.2278481012658,158
30,20,413.74285714285713,35
12,20,243.40425531914894,47
8,20,216.03571428571428,28
194,20,444.8392857142857,112
99,20,305.7142857142857,7
59,20,248.51239669421489,121
161,21,341.2897015798713,17090
229,21,211.79010265052858,6527
152,21,262.1048179477749,2719
100,21,289.3610961848469,5583
209,21,235.84828921885088,3098
37,21,205.0894084054609,11207
118,21,343.5464480874317,732
39,21,256.1947946319642,4918
91,21,259.35483870967744,3255
202,21,292.6661101836394,599
138,21,425.6666477208139,17594
107,21,205.91847020456566,10119
90,21,220.9344966442953,7450
263,21,205.17052352048557,5272
82,21,247.01422607082108,6467
95,21,259.18171183466563,5129
166,21,227.4803344100323,5263
261,21,226.22248122248124,3861
80,21,190.43602800763844,7855
233,21,234.4204105344694,5164
61,21,229.87759920786047,13129
216,21,209.25991600559962,4286
85,21,242.93043798306957,2717
112,21,196.40304950858823,10887
130,21,236.0658835546476,5874
170,21,254.77871292209792,9743
225,21,220.86023973476154,7842
36,21,197.50562200956938,8360
224,21,232.41632231404958,1936
26,21,260.1920614596671,4686
164,21,261.1722249468694,12234
159,21,234.07367829021373,3556
135,21,258.1140278917145,1219
175,21,281.34341252699784,463
70,21,247.25495915985996,1714
132,21,376.0064950127581,17244
114,21,213.95841548664635,11158
238,21,212.92852104396897,4253
180,21,240.3159090909091,1320
77,21,253.90678733031675,2210
76,21,267.26120283018867,8480
4,21,227.63571205983172,3209
33,21,218.1965890758239,4339
223,21,217.41604570293094,4026
68,21,251.29301162040025,12392
47,21,235.11306432281262,2503
7,21,200.4256630351051,9087
186,21,280.12403214024835,6845
148,21,205.6859391965255,14736
45,21,242.20073761854584,3796
87,21,221.35986944799205,7047
71,21,250.20813771517996,3195
50,21,224.04569034317637,5012
144,21,213.80712589073633,10525
133,21,219.9307891332471,1546
62,21,237.07894736842104,3496
17,21,214.7830028328612,8825
226,21,231.65906288532676,4866
121,21,253.1984829329962,1582
171,21,240.5889377749843,1591
179,21,215.78242018131652,2537
75,21,232.67253333333332,5625
51,21,325.2306085139723,3829
247,21,260.5725321888412,4660
72,21,260.2571961620469,3752
116,21,238.78581395348837,4300
194,21,447.84705882352944,85
153,21,230.90898345153664,846
124,21,288.55232558139534,1204
147,21,244.21741573033708,1780
66,21,233.1334214002642,4542
198,21,220.57583821181478,5637
210,21,251.3153650254669,2356
78,21,239.19900497512438,3417
243,21,229.3992200828662,4103
3,21,251.095046854083,1494
92,21,265.9232172168521,5483
201,21,368.0169491525424,354
63,21,231.0909886264217,2286
157,21,248.5686470294558,2003
18,21,234.4950939164564,3567
259,21,268.9895219384414,1527
241,21,245.4479686386315,2806
163,21,282.50043778577685,10279
129,21,247.0467691290696,6051
16,21,247.79375848032564,1474
258,21,241.48503253796096,2305
197,21,238.72066585464881,2463
126,21,263.22549019607845,2244
222,21,296.9744835965978,823
174,21,228.69788414845647,2883
151,21,220.0954583683768,2378
173,21,281.89508506616255,2116
57,21,282.5255102040816,196
123,21,233.46781305114638,2268
252,21,312.2851612903226,775
235,21,261.18162522741056,3298
195,21,279.03256105197244,1597
52,21,204.24358302776324,1909
131,21,251.13053613053614,858
35,21,259.35027669604426,4879
43,21,238.4902857142857,875
160,21,252.36066666666667,1500
28,21,247.37226775956285,1464
60,21,252.51532033426184,1795
139,21,273.3065236818588,1119
182,21,230.63451511991659,1918
206,21,296.35766423357666,1507
115,21,318.4008016032064,499
172,21,348.59519038076155,499
32,21,241.0968115942029,1725
86,21,328.8512911843277,1123
165,21,237.79597438243366,2186
217,21,240.99014171287737,1623
11,21,236.58011695906433,855
56,21,257.8949361097965,2113
240,21,262.5209003215434,311
108,21,250.2840790842872,961
67,21,240.33585858585857,1188
12,21,224.7111111111111,45
119,21,240.92474849094566,2485
73,21,253.28019323671498,621
122,21,250.8827160493827,648
109,21,374.8362720403023,397
34,21,226.19099890230515,911
128,21,214.01374570446737,291
156,21,306.80649188514354,801
30,21,447.9117647058824,34
150,21,253.83544303797467,869
101,21,307.23614457831326,415
58,21,325.73604060913704,197
184,21,276.73333333333335,105
64,21,338.72079772079775,351
214,21,311.6666666666667,423
204,21,378.1980198019802,101
154,21,442.40277777777777,72
8,21,237.23076923076923,26
46,21,409.4649681528662,157
59,21,253.0095238095238,105
96,21,250.3134328358209,67
99,21,348.0,23
125,22,260.9197160021846,3662
211,22,261.20418204182045,7317
248,22,253.62589584328714,2093
237,22,223.4116127277672,7354
168,22,280.2462818696884,5648
249,22,286.2003432003432,16317
181,22,243.82406277244988,11470
257,22,227.14067524115757,1244
48,22,293.2833706189411,10728
142,22,272.212909186906,7576
79,22,238.10820045558086,21072
22,22,252.9142857142857,2240
49,22,229.91612228899922,7654
158,22,284.3204344874406,7365
24,22,239.53011204481794,1428
239,22,251.43674367436745,7272
162,22,262.5009191176471,8704
230,22,359.4602430995189,15796
246,22,312.5278610474343,11342
189,22,250.87261387261387,5291
145,22,212.70364817591204,8004
81,22,298.29496788008566,1868
134,22,261.6173469387755,1372
231,22,235.88812914140703,14186
13,22,261.6494165398275,3942
236,22,218.15106613661004,5534
232,22,286.2129813418023,5038
88,22,258.97481190709846,3057
137,22,251.57176258992806,5560
262,22,225.9146771037182,2555
193,22,227.1860465116279,774
221,22,340.94426229508196,915
234,22,286.5103242744625,14093
106,22,250.4638870650033,3046
196,22,261.58250497017895,1509
136,22,251.3292469352014,2284
140,22,227.3762603116407,4364
188,22,245.865601217656,6570
255,22,224.64529697585033,13789
177,22,261.5287789133943,3718
213,22,294.06033519553074,3580
208,22,329.50454365863294,2531
191,22,294.93556085918857,1676
25,22,263.22974640164495,7295
141,22,208.5363309967516,5849
254,22,282.8369248689575,3434
146,22,214.45959595959596,1980
14,22,242.96981227803147,3942
74,22,266.43906948081957,6491
89,22,273.95958225959583,7373
192,22,255.55160550458714,872
244,22,224.00534932728158,6169
149,22,258.84915014164307,1412
205,22,313.60055977608954,2501
185,22,271.96665122742013,2159
40,22,250.8384588193708,2829
42,22,263.25752592967365,7906
169,22,249.61187096774194,3875
220,22,261.62586417242784,2459
256,22,223.38676720992459,12333
65,22,251.42031321971442,4342
94,22,248.2389903329753,1862
113,22,279.95726602524053,8003
227,22,240.02562609202096,1717
41,22,253.02422943794298,6067
127,22,222.54393045638,3221
219,22,307.9740018570102,1077
97,22,267.62174914956654,9113
69,22,268.35107641353204,4227
54,22,247.55250596658712,838
215,22,288.6544715447154,1968
38,22,317.50592216582066,591
176,22,473.125,160
187,22,362.2972972972973,444
102,22,280.40837378640776,1648
143,22,258.40299798212743,3469
260,22,230.35091879075281,3374
178,22,257.0403587443946,669
228,22,239.7425,3600
83,22,249.59731543624162,1639
55,22,285.50789935634873,1709
251,22,336.17149758454104,414
242,22,274.0690852952528,2591
203,22,335.7047970479705,813
98,22,291.7293233082707,665
250,22,272.44657863145255,1666
218,22,285.98021434460014,1213
10,22,273.36108374384236,2030
212,22,257.91543239369327,2093
245,22,332.3770883054893,419
117,22,401.22124756335285,1026
155,22,330.5759162303665,1719
53,22,294.3090172239108,987
20,22,233.9452736318408,2211
93,22,308.8650519031142,289
21,22,259.88193300384404,1821
167,22,264.7751161959242,2797
29,22,276.24077046548956,1246
183,22,305.9667852906287,843
9,22,271.1503006012024,499
31,22,271.1077844311377,167
15,22,363.4011142061281,359
84,22,430.78,250
23,22,378.99762470308787,842
200,22,312.5511583011583,1036
190,22,341.51869158878503,642
6,22,345.2542372881356,354
44,22,409.78010471204186,191
207,22,249.83333333333334,120
120,22,243.65079365079364,63
19,22,312.60287081339715,418
111,22,255.64,25
5,22,469.3936170212766,94
27,22,510.375,16
166,23,245.71350681536555,4035
151,23,241.2777142857143,1750
68,23,295.58641525158873,9599
107,23,283.7881861575179,8380
90,23,298.1129288437103,6296
238,23,248.6602416570771,3476
112,23,276.41181640625,10240
224,23,316.4526987811956,1723
186,23,309.1929887318905,5591
175,23,312.80176211453744,227
164,23,304.89602053915274,10127
16,23,259.74120829576196,1109
147,23,276.1711711711712,1665
130,23,307.6787729196051,5672
50,23,275.03343388637506,3978
171,23,291.90451832907075,1173
233,23,257.30596393897366,3605
163,23,267.9367945823928,7088
226,23,246.1248199711954,4166
129,23,254.23148327209438,5171
160,23,291.6302729528536,1209
37,23,230.21800425297315,12697
100,23,307.3836142521869,4687
161,23,292.1702108568865,11145
4,23,307.1119102416571,3476
182,23,289.4702380952381,1344
223,23,247.3936046511628,3440
263,23,217.1864406779661,4484
148,23,313.5436402981486,16636
114,23,325.1887853914968,10843
229,23,226.11563679713888,5033
61,23,261.0907839388145,13075
26,23,282.2615039281706,3564
33,23,286.3519736842105,3344
132,23,466.2038490284006,16056
7,23,217.52557496543923,7957
170,23,276.1053365445557,7889
17,23,256.8934575193094,8804
95,23,303.8846352819452,3866
216,23,277.19024827998805,3343
82,23,256.39609621451103,5072
91,23,296.4072128851541,2856
36,23,215.28144421426458,10137
179,23,243.08740475123264,2231
71,23,272.48474576271184,2950
198,23,238.30613609764254,5981
144,23,313.2954866008463,8508
195,23,334.18875119161106,1049
72,23,279.0641726618705,3475
77,23,290.4979137691238,2157
197,23,281.62859712230215,2224
92,23,270.02890932982916,3805
138,23,464.74553834610646,18659
222,23,335.4375,672
80,23,260.02893023255814,10750
240,23,294.5508982035928,334
62,23,258.5497877897486,3063
85,23,260.3883147853736,2516
247,23,274.28950187466523,3734
87,23,284.81854607899254,5241
45,23,319.0338230269901,2927
66,23,302.2449460916442,2968
57,23,292.0745341614907,161
261,23,276.53048543689323,2575
159,23,265.4106463878327,3419
43,23,234.60479041916167,501
241,23,271.70946502057615,2430
235,23,280.6271186440678,2891
243,23,259.5566651184394,4306
76,23,319.8689256632519,7614
35,23,287.34185585188453,4537
202,23,317.85420944558524,487
209,23,296.431640625,2560
116,23,271.2788191190253,4268
258,23,281.8727375565611,1768
39,23,298.52998379254456,4319
157,23,284.65725227381523,2089
56,23,273.6455488803932,1831
3,23,302.79944674965424,1446
133,23,249.25991902834008,1235
60,23,285.65712545676007,1642
225,23,251.25952929137887,7818
75,23,249.82640449438202,5340
131,23,301.67369727047145,806
126,23,285.09249084249086,2184
139,23,336.2682926829268,902
152,23,259.5544290288154,1874
18,23,259.4872824631861,2988
174,23,249.22054190296157,3174
64,23,381.4125874125874,286
252,23,328.3922558922559,594
108,23,286.96843434343435,792
180,23,306.9298928919182,1027
173,23,275.43589743589746,1677
63,23,276.1443141254462,1961
32,23,270.92721164613664,1786
119,23,255.93393516618792,2437
121,23,307.77481840193707,1239
86,23,401.3908241291419,1177
78,23,268.4906213364596,3412
70,23,273.6676875957121,1306
11,23,274.13292117465227,647
28,23,297.7624140565317,1309
73,23,276.46315789473687,570
52,23,260.1957446808511,1410
217,23,295.4401098901099,1820
123,23,274.1799137399877,1623
124,23,389.11529933481154,902
259,23,303.83061699650756,1718
165,23,278.05465587044534,1482
118,23,438.8333333333333,492
67,23,264.5558166862515,851
47,23,260.87399678972713,2492
34,23,264.2429210134128,671
214,23,408.8295218295218,481
101,23,351.06267029972753,367
210,23,306.682842287695,1731
135,23,293.77088607594936,790
153,23,259.6472972972973,740
184,23,278.2113821138211,123
51,23,334.27508243052284,2123
122,23,301.06518518518516,675
128,23,237.17834394904457,314
109,23,465.00619195046437,323
204,23,478.8488372093023,86
156,23,355.2557251908397,524
172,23,416.5956678700361,277
206,23,349.88325358851677,1045
58,23,371.85858585858585,198
46,23,488.287037037037,108
115,23,382.86829268292684,410
154,23,408.0352941176471,85
30,23,515.1351351351351,37
201,23,393.2990033222591,301
150,23,311.62901307966706,841
99,23,414.05882352941177,17
59,23,298.3818181818182,55
194,23,407.5657894736842,76
96,23,281.82191780821915,73
211,0,312.45286423094274,4434
140,0,214.83117463153192,2239
24,0,217.90389016018307,874
79,0,332.084853732451,16169
262,0,210.58391003460207,1156
158,0,334.9709534368071,4510
42,0,257.78673602080625,5383
234,0,305.19221473095024,7861
74,0,253.64825452938578,4526
89,0,235.97860417727966,3926
25,0,260.0484720758693,4745
177,0,260.9132618888145,2986
48,0,248.6073215375229,8195
231,0,285.3052132701422,7385
49,0,229.86137339055793,4660
145,0,239.51293504559837,5373
137,0,269.07396301849076,4002
249,0,341.98383462329775,10207
125,0,320.40552995391704,1953
230,0,268.22477064220186,9374
246,0,275.44659817794144,5159
65,0,275.62066598008926,2913
84,0,440.514450867052,173
44,0,464.635,200
181,0,234.6499494146553,6919
97,0,248.61648038571116,4563
141,0,202.38936831204694,2897
203,0,323.49407783417934,591
236,0,207.09950980392156,2040
162,0,205.74276377217555,4284
113,0,334.7730122899423,3987
255,0,317.5752678241596,10828
256,0,289.62321546233255,9106
142,0,232.05306469920544,3524
239,0,221.75135307226998,3141
237,0,209.06480486931613,2793
155,0,328.1507024265645,783
69,0,263.9134307089419,2807
167,0,255.20833333333334,1968
88,0,310.8116855821774,2379
22,0,263.85110132158593,1135
106,0,258.46740467404675,1626
188,0,219.30409745293466,4515
228,0,235.65482796892343,2703
227,0,248.79939439818318,1321
168,0,267.48130212536995,3717
102,0,286.98312710911136,889
189,0,226.78846798524975,2983
251,0,349.8062015503876,258
14,0,243.21581099500227,2201
212,0,251.29512697323267,1457
248,0,266.3260073260073,1365
221,0,367.66434782608695,575
232,0,362.5806865575874,3117
13,0,265.25544174135723,1562
136,0,251.0212367270456,1601
260,0,228.20245398773005,2282
134,0,272.11547085201795,892
143,0,227.09816753926702,1528
146,0,217.45224056603774,1696
54,0,244.63239875389408,321
244,0,238.68467650397275,4405
196,0,255.85807291666666,768
94,0,246.4798387096774,1240
218,0,280.203679369251,761
205,0,296.66528066528065,1443
215,0,288.96583850931677,966
19,0,314.1978417266187,278
41,0,244.12210043334184,3923
200,0,323.039586919105,581
250,0,276.2521877486078,1257
185,0,276.46059678653404,1307
81,0,279.5442922374429,1095
20,0,247.80694444444444,1440
169,0,251.01296542553192,3008
40,0,254.11063829787233,1410
245,0,367.73809523809524,378
176,0,467.18055555555554,72
183,0,297.3504761904762,525
31,0,263.18382352941177,136
6,0,355.10285714285715,175
208,0,321.6219728292971,1693
127,0,227.59035687167807,2634
10,0,275.20343839541545,1047
149,0,276.61699507389164,812
254,0,272.4190093708166,2241
178,0,256.43575418994413,358
21,0,272.7358490566038,1060
98,0,298.55162241887905,339
257,0,235.06320224719101,712
23,0,401.32007575757575,528
191,0,309.72738095238094,840
213,0,285.48736097067746,1978
242,0,280.89637305699483,1737
38,0,303.22551928783383,337
193,0,233.8259109311741,494
220,0,255.2196132596685,1448
83,0,254.6324701195219,1004
55,0,299.6511879049676,926
190,0,220.54,200
192,0,262.30684326710815,453
117,0,356.8154362416107,596
219,0,299.95467422096317,706
29,0,295.2701949860724,718
53,0,328.0289855072464,759
9,0,288.6757575757576,330
187,0,369.1872340425532,235
15,0,360.02054794520546,146
5,0,480.81333333333333,75
93,0,277.38461538461536,130
111,0,220.0,19
120,0,270.4634146341463,41
110,23,299.0,1
186,1,258.22860199714694,2804
112,1,281.26528839471854,5756
164,1,272.6617413409596,6294
152,1,247.5031712473573,946
166,1,218.55588762701734,1673
47,1,254.89557855126998,1063
36,1,245.5936170212766,8930
157,1,253.0258143822987,1627
90,1,283.174540311174,3535
80,1,255.90068134171906,7632
87,1,272.910592808552,2058
107,1,252.53636741479633,4812
82,1,241.81382228490833,2836
95,1,292.34093711467324,1622
198,1,234.72393117831075,3836
148,1,357.5746800465387,13752
229,1,197.14877161055506,2198
170,1,213.91190063547083,3462
100,1,249.10760544669546,3011
216,1,274.2389779559118,1996
197,1,260.2270676691729,1330
144,1,335.59250791417514,5686
114,1,353.83820921985813,6768
238,1,206.04387417218544,1208
76,1,276.4304068522484,3269
35,1,273.8144329896907,2231
61,1,230.03332332632843,6662
17,1,218.41398951925268,4389
225,1,233.20863647031214,4261
45,1,331.0757042253521,2272
201,1,382.1173184357542,179
37,1,236.50184956843404,8921
33,1,230.72955390334573,1076
116,1,241.0665137614679,2180
68,1,265.10986442262737,4278
91,1,271.99050203527815,1474
261,1,280.10009910802773,1009
4,1,341.6730552423901,2661
263,1,193.7254116599911,2247
226,1,239.72749631087063,2033
161,1,223.08526413345692,4316
165,1,253.05789473684212,570
75,1,229.82854155776266,1913
66,1,271.2251773049645,1128
67,1,265.29479768786126,346
235,1,284.83281924737815,1621
202,1,303.02097902097904,143
72,1,266.57350272232304,1653
39,1,273.68955223880596,2345
71,1,262.96421336934503,1481
92,1,270.9400249895877,2401
7,1,197.57983905124948,4722
195,1,287.5747663551402,428
243,1,246.32418032786885,2440
50,1,211.69281045751634,2142
172,1,390.6692913385827,127
132,1,327.3526430123099,4143
73,1,288.6561403508772,285
56,1,253.97459584295612,866
16,1,295.04635761589407,755
171,1,281.6795665634675,646
206,1,378.1233140655106,519
233,1,211.05742725880552,1306
126,1,253.38174273858922,1205
63,1,248.48568702290078,1048
151,1,223.2981029810298,738
119,1,252.8685064935065,1232
247,1,259.4777165748623,1997
129,1,242.674935102394,3467
101,1,382.69565217391306,138
51,1,326.14304291287385,769
122,1,289.0374531835206,267
85,1,233.21453590192644,1142
78,1,260.5718492343934,1698
43,1,199.26845637583892,149
62,1,223.82836363636363,1375
130,1,263.33882907133244,2972
34,1,253.08024691358025,162
121,1,291.94802494802497,481
18,1,255.24118866620594,1447
147,1,253.4,745
156,1,357.6756756756757,296
209,1,293.63891112890315,1249
32,1,251.74697173620459,743
223,1,231.90409538621049,1929
179,1,233.46636363636364,1100
163,1,204.43064916637104,2819
77,1,252.967919340055,1091
241,1,266.4784053156146,1204
28,1,261.67164179104475,670
52,1,208.62988505747126,435
224,1,306.9317548746518,718
159,1,245.9315245478036,1548
180,1,292.23569482288826,734
210,1,292.2799479166667,768
259,1,311.6143216080402,796
174,1,245.7911741528763,1269
115,1,390.6033519553073,179
3,1,284.20432220039294,509
222,1,309.8290909090909,275
133,1,220.52380952380952,546
160,1,259.35920577617327,554
128,1,251.0721649484536,97
70,1,261.5084175084175,594
60,1,281.1172332942556,853
173,1,274.9878787878788,1155
123,1,271.33415233415235,814
108,1,319.0205761316872,486
153,1,278.3288288288288,222
30,1,375.48387096774195,31
124,1,356.72782874617735,327
139,1,300.9942748091603,524
138,1,371.8384341637011,1405
182,1,267.13139931740614,586
184,1,281.6271186440678,59
135,1,287.7647058823529,357
258,1,272.88853161843514,933
150,1,313.8781512605042,476
26,1,272.0898641588297,957
240,1,296.5686274509804,153
214,1,379.96932515337426,163
96,1,336.89285714285717,28
64,1,391.80232558139534,86
109,1,498.53361344537814,238
11,1,284.98809523809524,336
175,1,318.009009009009,111
252,1,315.10648148148147,216
217,1,257.6937799043062,418
131,1,294.9421686746988,415
118,1,412.0,138
86,1,345.9764705882353,510
58,1,327.15384615384613,78
99,1,461.46666666666664,15
57,1,271.69135802469134,81
194,1,538.1428571428571,14
59,1,280.79411764705884,34
154,1,431.0769230769231,13
256,2,312.4164388910582,5122
251,2,357.3488372093023,172
231,2,257.4214547677262,3272
79,2,317.8900203665988,11784
208,2,321.07866379310343,928
25,2,266.4751592356688,2355
246,2,240.09937888198758,2898
102,2,297.59473684210525,380
228,2,359.89213749506126,2531
136,2,253.83599419448475,689
211,2,295.77006420545746,2492
97,2,224.52753391859537,1253
48,2,201.65653659413775,5561
137,2,218.05326876513317,1652
249,2,337.28819982773473,5805
158,2,356.1048951048951,2431
234,2,298.358734939759,3320
145,2,235.69543378995434,2190
244,2,234.990977443609,1995
250,2,298.7728119180633,537
245,2,441.58787878787876,165
113,2,323.33129770992366,1965
167,2,255.2518134715026,965
89,2,242.3142530051517,1747
22,2,270.5440900562852,533
42,2,249.32547501759325,2842
255,2,354.6137557174318,5903
140,2,212.34543178973718,799
177,2,263.13715885234427,1429
142,2,214.13522012578616,954
230,2,218.64668838219328,4605
125,2,287.0419734904271,1358
49,2,220.86046511627907,1763
236,2,208.30769230769232,598
237,2,201.5430711610487,801
127,2,262.4274152756702,1977
257,2,241.56048387096774,248
189,2,222.53608247422682,1067
54,2,243.86301369863014,73
221,2,376.8719008264463,242
88,2,250.37257281553397,824
205,2,319.3443396226415,848
215,2,299.3093415007657,653
74,2,239.16638655462185,1785
65,2,245.5621181262729,982
162,2,196.28352234823217,1499
262,2,228.60585585585585,444
117,2,392.5650684931507,292
181,2,220.16953642384107,2265
146,2,223.41591784338897,779
40,2,249.20881670533643,431
218,2,320.37704918032784,366
53,2,339.2961038961039,385
141,2,202.32436363636364,1375
239,2,212.9857578840285,983
212,2,265.4488711819389,753
260,2,253.91304347826087,1771
185,2,285.63253012048193,498
81,2,305.15450643776825,466
254,2,302.12622415669205,919
41,2,236.4239263803681,1630
227,2,284.77982954545456,704
232,2,344.37580362361194,1711
188,2,238.63385063045587,2062
98,2,323.55555555555554,81
20,2,259.8494623655914,744
220,2,285.28737300435415,689
169,2,258.39072382290937,1423
106,2,244.98314606741573,534
168,2,266.7888165038002,1842
69,2,268.4902953586498,1185
21,2,287.5627836611195,661
248,2,266.21448087431696,732
24,2,221.0491452991453,468
14,2,267.6096718480138,1158
9,2,320.9872611464968,157
213,2,297.0759951749095,829
29,2,283.1764705882353,255
203,2,368.2092391304348,368
196,2,268.3584229390681,279
55,2,297.70681818181816,440
155,2,336.1037463976945,347
219,2,311.10468319559226,363
183,2,296.6546762589928,278
191,2,321.43724696356276,494
134,2,287.45454545454544,418
242,2,296.76949152542375,885
178,2,254.64335664335664,143
192,2,266.8325791855204,221
10,2,299.26278659611995,567
13,2,248.63210702341138,598
143,2,234.56223175965664,466
83,2,264.5295902883156,659
200,2,336.85929648241205,199
190,2,212.8490566037736,53
15,2,405.87931034482756,58
187,2,425.4,105
94,2,255.67732115677322,657
193,2,254.56603773584905,212
149,2,277.6938775510204,343
120,2,235.68,25
23,2,393.48046875,256
84,2,445.43589743589746,78
176,2,466.81081081081084,37
44,2,419.0108695652174,92
27,2,641.2222222222222,9
38,2,325.6666666666667,165
6,2,391.22549019607845,102
19,2,328.4166666666667,96
31,2,279.03389830508473,59
93,2,286.85714285714283,63
114,3,318.4870010984987,2731
144,3,291.99163987138263,3110
37,3,343.6733420879842,6092
71,3,309.21007685738687,1171
72,3,336.39445494643985,1587
80,3,406.598806259074,6199
109,3,435.80392156862746,102
172,3,478.6734693877551,98
198,3,323.78606356968214,2454
68,3,267.1999340151765,3031
164,3,254.58502824858758,3540
107,3,232.4458947368421,2375
50,3,266.6794101583834,1831
148,3,329.0251688965426,7549
229,3,211.7736660929432,1162
157,3,447.27570518653323,2198
56,3,283.1892617449664,745
202,3,371.55555555555554,117
112,3,330.28773072747015,2763
226,3,287.135955831608,1449
78,3,300.32243346007607,1315
75,3,243.2520107238606,1119
62,3,280.4881796690307,846
130,3,311.2520821765686,1801
139,3,358.26267281105993,434
17,3,258.895656779661,1888
7,3,275.71250324928513,3847
235,3,317.67209775967416,982
100,3,240.32810615199034,1658
61,3,271.2284130688448,3428
225,3,300.65607886089816,2739
233,3,222.56005221932114,766
35,3,329.07535515750465,1619
132,3,297.481843575419,1432
223,3,303.9083438685209,1582
186,3,261.1054657428791,1299
209,3,254.25833333333333,600
259,3,369.62035225048925,511
161,3,226.1206896551724,1450
36,3,385.79371534195934,5410
16,3,342.75174013921117,431
87,3,242.90439024390244,1025
166,3,230.55354993983153,831
51,3,390.71165644171776,489
170,3,218.69487008660892,1501
92,3,333.6966901790559,1843
160,3,329.2609756097561,410
95,3,324.1582417582418,910
121,3,327.0413625304136,411
4,3,299.68382352941177,1224
247,3,275.283185840708,1243
116,3,257.8988095238095,1176
151,3,248.54545454545453,396
45,3,287.1697722567288,966
180,3,332.9145728643216,398
173,3,310.403,1000
217,3,290.5853658536585,246
90,3,265.88362720403023,1985
163,3,210.73669724770642,1090
76,3,320.24159132007236,2765
216,3,339.8244310264747,2153
63,3,310.0706278026906,892
12,3,386.3333333333333,6
182,3,309.12248995983936,498
129,3,317.80724334031726,3341
147,3,288.98643410852713,516
32,3,287.3264462809917,484
123,3,278.0837004405286,454
108,3,293.66473988439304,346
82,3,299.60347903657447,2242
33,3,275.5975609756098,410
243,3,301.07042253521126,1420
57,3,300.05454545454546,110
60,3,302.3156565656566,396
91,3,327.59564393939394,1056
179,3,264.7773279352227,741
263,3,213.51371807000947,1057
159,3,270.21993833504627,973
126,3,305.26594700686945,1019
197,3,362.034717916925,1613
135,3,302.10526315789474,266
67,3,312.0696517412935,201
174,3,268.0164917541229,667
39,3,328.7036158861885,1687
18,3,282.43160127253446,943
86,3,422.8929577464789,355
124,3,380.71604938271605,243
238,3,231.1644951140065,614
119,3,287.1511387163561,966
11,3,316.0,142
85,3,270.86328125,768
195,3,338.59832635983264,239
206,3,442.6725352112676,284
115,3,438.36641221374043,131
70,3,296.6878306878307,567
240,3,302.0,91
261,3,252.56324582338902,419
156,3,406.83798882681566,179
77,3,306.7675606641124,783
3,3,325.1875,288
252,3,380.03076923076924,195
258,3,326.77376654632974,831
224,3,292.3952380952381,420
241,3,297.7127222982216,731
66,3,292.01003344481603,299
47,3,282.70795306388527,767
43,3,211.6451612903226,62
201,3,431.22429906542055,107
222,3,333.04727272727274,275
171,3,323.3139534883721,430
204,3,430.9714285714286,35
122,3,371.3886925795053,283
26,3,324.916142557652,477
28,3,309.0042372881356,472
153,3,327.8411214953271,107
131,3,321.5652173913044,230
96,3,306.22222222222223,18
210,3,298.5931034482759,435
184,3,356.55172413793105,29
152,3,264.4249363867684,393
214,3,415.9117647058824,102
165,3,290.12420382165607,314
5,2,492.7837837837838,37
101,3,403.9122807017544,114
99,3,428.44444444444446,9
52,3,243.72413793103448,145
150,3,293.3061224489796,98
59,3,269.10526315789474,19
133,3,267.21649484536084,291
46,3,527.1875,16
34,3,283.1818181818182,77
73,3,337.13304721030045,233
64,3,447.24615384615385,65
58,3,433.53333333333336,45
175,3,362.8220338983051,118
138,3,348.2857142857143,154
8,3,195.33333333333334,3
35,4,345.8584183673469,1568
91,4,313.5147710487445,1354
39,4,333.32217573221754,2151
68,4,282.0864779874214,2544
132,4,266.6747055524397,1783
82,4,330.4628851540616,2856
151,4,278.14205344585093,711
163,4,231.00567721005677,1233
223,4,282.7569696969697,1650
78,4,302.4923896499239,1314
129,4,334.07625434674617,4026
229,4,242.96272855133614,1422
112,4,326.53972712680576,2492
76,4,326.6908446163765,3102
195,4,328.7328990228013,307
80,4,392.7198795180723,4648
36,4,373.27280152463925,3673
114,4,311.2237762237762,1430
148,4,310.91224820560313,4319
50,4,272.8988421694089,1641
144,4,298.89259796806965,2067
107,4,272.77859391395594,1906
7,4,278.8854403229876,3963
164,4,290.38277668631304,3054
186,4,270.9431630971993,1214
45,4,306.5855354659249,719
90,4,270.2896358543417,1785
61,4,330.09803378565493,3611
217,4,346.2378640776699,206
157,4,426.02754491017964,2505
47,4,280.72475027746947,901
198,4,341.1144578313253,2656
4,4,319.2268656716418,1005
37,4,353.94375382107194,4907
179,4,266.4539939332659,989
225,4,344.87218649517683,2488
235,4,305.66548042704625,1124
259,4,345.6271450858034,641
263,4,251.3058583106267,1468
17,4,321.4983575786016,2131
226,4,308.5270886075949,1975
62,4,328.34328358208955,871
160,4,343.7798353909465,486
100,4,241.86775631500743,1346
119,4,289.6677994902294,1177
16,4,357.5314009661836,414
108,4,317.61764705882354,272
159,4,292.3005319148936,1128
224,4,316.50172413793103,580
87,4,244.42699289660615,1267
166,4,266.04924242424244,792
75,4,281.6635338345865,1596
258,4,322.5411572942135,1227
216,4,300.0151221403645,2579
95,4,340.88195991091317,1347
153,4,295.3114754098361,122
130,4,322.8199325950891,2077
71,4,322.5154457193292,1133
238,4,264.8336820083682,956
233,4,256.15871639202084,1153
170,4,259.51586294416245,1576
63,4,320.57645875251507,994
3,4,301.62045454545455,440
67,4,300.4957507082153,353
26,4,314.5694682675815,583
28,4,320.3922114047288,719
156,4,377.5762195121951,328
210,4,290.1561904761905,525
70,4,282.95426452410385,809
85,4,293.7792207792208,924
33,4,272.4703891708968,591
197,4,328.00736543909346,1765
214,4,411.3103448275862,116
182,4,304.9267175572519,655
92,4,347.96515004840273,2066
121,4,366.35526315789474,532
52,4,246.37777777777777,180
66,4,318.05309734513276,452
161,4,248.02215799614643,1038
116,4,275.8843971631206,1410
152,4,281.55396825396826,630
135,4,347.9727722772277,404
123,4,273.53241650294694,509
173,4,340.5089430894309,1230
243,4,287.7002652519894,1508
165,4,258.66590389016017,437
11,4,264.3805309734513,226
241,4,279.09519038076155,998
126,4,304.5754803293687,1093
18,4,283.8660640920296,1217
131,4,373.84090909090907,352
51,4,359.54388984509467,581
174,4,273.1910241657077,869
147,4,302.30900621118013,644
247,4,282.59158945117605,1403
101,4,451.81481481481484,189
261,4,267.10634648370495,583
209,4,278.79596412556054,446
109,4,458.94017094017096,117
56,4,281.0421263791374,997
206,4,425.14489311163896,421
32,4,282.01284403669723,545
180,4,312.5258799171843,483
118,4,394.9549549549549,111
133,4,244.1354401805869,443
72,4,363.0051413881748,1556
58,4,380.679012345679,81
124,4,359.404990403071,521
60,4,298.880859375,512
122,4,383.915857605178,309
171,4,321.46862745098036,510
73,4,312.042654028436,211
43,4,271.36046511627904,86
201,4,375.31531531531533,111
99,4,347.0,3
150,4,303.72222222222223,126
139,4,344.66920152091257,526
175,4,359.9010989010989,182
222,4,342.0833333333333,336
172,4,393.2741935483871,62
240,4,347.96385542168673,83
46,4,604.7916666666666,24
194,4,561.0769230769231,13
86,4,419.6952662721894,338
64,4,426.6967213114754,122
8,4,288.2,5
34,4,340.81176470588235,85
138,4,263.03719008264466,242
118,3,455.6849315068493,73
202,4,391.0169491525424,177
77,4,326.6112440191388,836
57,4,340.73809523809524,126
252,4,380.01557632398755,321
204,4,395.5348837209302,43
115,4,407.5057471264368,174
184,4,290.8292682926829,41
96,4,363.57894736842104,19
128,4,281.06976744186045,43
260,5,225.81829121540312,1662
145,5,266.1203119197921,2693
83,5,255.06307222787385,983
97,5,291.5794520547945,1460
25,5,261.8981324278438,1767
49,5,318.9864448552064,1623
256,5,269.03694158075604,2328
55,5,286.7283105022831,876
113,5,251.1245311327832,1333
230,5,212.05046480743692,2259
69,5,294.3073394495413,1962
141,5,230.42417061611374,2110
40,5,244.00311526479751,642
42,5,304.31747456612806,3342
48,5,225.93957307060757,3045
158,5,262.4271758436945,1126
248,5,284.8759493670886,1185
81,5,342.5460385438972,934
242,5,287.9408783783784,1184
13,5,250.18381502890173,865
169,5,265.4066511085181,1714
257,5,252.40042826552462,467
234,5,247.8448176027794,1727
79,5,241.8332824427481,3275
143,5,263.6360052562418,1522
249,5,247.78425266903915,2248
177,5,314.5995302407516,1703
10,5,263.7659683188554,1957
125,5,230.34173669467788,714
181,5,237.1393643031785,2454
89,5,266.76079387186627,2872
65,5,267.4050880626223,1022
14,5,231.17841163310962,1788
246,5,249.6020979020979,1430
244,5,231.7003192338388,2506
74,5,298.0444444444444,2655
262,5,275.9431099873578,1582
162,5,212.0464527027027,1184
255,5,241.84021543985637,2228
215,5,299.13772123893807,1808
211,5,220.5278810408922,807
20,5,264.1084953940635,977
22,5,245.09068219633943,1202
41,5,315.93061840120663,1989
146,5,222.3694581280788,1015
142,5,254.39954980303884,1777
140,5,235.60863787375416,1505
88,5,232.28337236533957,427
137,5,250.75997383911053,1529
228,5,260.15486725663715,1582
239,5,261.0197152245345,1826
231,5,237.01393866985265,2511
38,5,309.06756756756755,444
232,5,303.99024984765384,1641
205,5,345.4533116178067,1842
117,5,400.9043062200957,627
191,5,331.0842013888889,1152
236,5,259.11549851924974,2026
168,5,285.05555555555554,2538
23,5,396.86856368563684,738
155,5,340.3867102396514,918
212,5,292.228085106383,1175
189,5,301.707,1000
213,5,328.4598572702944,2242
134,5,263.7015468607825,1099
254,5,328.6401257202724,1909
102,5,301.78976640711903,899
203,5,333.5,842
9,5,314.4765957446809,235
237,5,230.687543493389,1437
149,5,247.7054794520548,584
193,5,255.37717908082408,631
192,5,289.3977777777778,450
167,5,295.41046995835814,1681
220,5,245.6961093585699,951
183,5,274.0556701030928,485
185,5,283.93127147766324,1164
188,5,335.55120967741937,2480
196,5,257.571608040201,796
208,5,307.7376923076923,1300
53,5,322.61474269819195,719
6,5,367.18932038834953,206
250,5,271.7110091743119,872
106,5,251.81364829396327,381
251,5,352.0514018691589,214
218,5,279.44222020018196,1099
127,5,228.8526536312849,1432
219,5,283.3971861471861,924
94,5,250.88297872340425,846
136,5,245.51204188481677,955
21,5,258.98602287166455,787
227,5,271.56367663344406,903
207,5,211.04285714285714,210
19,5,310.19614147909965,311
187,5,390.26129032258063,310
178,5,234.16296296296295,270
44,5,480.94805194805195,77
29,5,232.95945945945945,370
221,5,390.9281767955801,543
245,5,396.7959183673469,245
176,5,436.38524590163934,122
15,5,365.78205128205127,234
200,5,289.96309314586995,569
24,5,286.7139917695473,486
54,5,266.2171052631579,152
98,5,335.2311111111111,225
93,5,272.1454545454545,55
84,5,424.2983870967742,124
5,5,392.3900709219858,141
31,5,285.314606741573,89
190,5,272.45454545454544,55
27,5,523.25,4
107,6,238.58576140736668,3638
56,6,256.09413027916963,2794
92,6,237.5946519524618,2356
198,6,327.99522069159406,3557
85,6,319.434247871334,2114
62,6,376.8443993917892,1973
226,6,241.48330948974726,4194
95,6,254.86803519061584,3751
129,6,232.92369253675787,5373
7,6,206.41840668165756,6226
35,6,380.27600962824283,3739
235,6,295.3929463171036,3204
163,6,186.45593479368313,1963
17,6,377.2358041958042,3575
121,6,306.74664964901086,1567
157,6,314.6892635925671,2906
37,6,338.14473190851146,5334
132,6,264.03276943097126,8453
72,6,412.71101928374657,3630
124,6,320.7034291010195,1079
148,6,262.9703125,2560
151,6,271.31590533847003,1817
216,6,233.04930467762327,4746
258,6,269.43845335225257,2819
130,6,240.34426229508196,3599
243,6,238.80831024930748,3610
139,6,306.4374445430346,1127
210,6,234.98665183537264,1798
71,6,361.60717599752553,3233
112,6,249.39505876709043,4169
28,6,257.6049766718507,1929
86,6,372.32792792792793,1110
135,6,288.33557046979865,1192
175,6,308.02650602409636,415
68,6,219.7377049180328,3782
18,6,268.88550385001673,2987
156,6,304.59253246753246,1232
233,6,213.66550190597204,3148
229,6,209.3398850922286,3307
261,6,244.39556692242115,1173
164,6,207.2471599631563,3257
4,6,339.273919378339,2059
116,6,276.46975869633343,3191
160,6,304.6719952634695,1689
166,6,254.17681728880157,1527
50,6,224.8667716535433,3175
263,6,259.18212560386473,4140
170,6,207.35317963009882,3947
179,6,226.42549306062818,2738
222,6,324.19091751621875,1079
161,6,185.94935064935066,1540
186,6,185.70576735092865,2046
223,6,197.05375073833432,3386
224,6,328.9251403618216,1603
61,6,391.0516285984593,7399
26,6,265.7574626865672,1608
100,6,193.2342533616419,1413
252,6,297.28005865102637,682
36,6,324.64348646947764,3178
77,6,326.69967304997664,2141
63,6,266.11189099917425,2422
34,6,310.44171779141107,163
33,6,255.32203389830508,1829
173,6,269.64802259887006,1770
225,6,387.13687959047405,4493
206,6,362.8896504455106,1459
82,6,239.46596455175955,3893
76,6,286.20102834211184,7974
247,6,276.41802951735144,2507
197,6,238.5376557191393,3532
87,6,239.04085077650237,2962
90,6,216.29090909090908,3135
47,6,283.7633361558002,2362
259,6,353.2594275329396,2201
57,6,241.3846153846154,130
58,6,353.2901234567901,324
78,6,298.5519161480511,3053
122,6,355.979057591623,764
240,6,304.8626943005181,386
51,6,368.9564631956912,2228
202,6,338.4077490774908,542
174,6,252.4090728213291,2513
209,6,253.69248826291079,852
91,6,326.82470784641066,3594
238,6,258.81224743549893,3217
80,6,275.3849878934625,2891
11,6,231.54807692307693,728
60,6,327.8402533427164,1421
159,6,276.2453295734931,2837
39,6,352.6583580268433,5737
241,6,253.63673020527858,2728
75,6,290.2954644570432,4586
119,6,281.03338829348723,2426
133,6,224.63381349507202,1319
70,6,229.35482093663913,1815
131,6,296.96267837541166,911
118,6,374.2775423728813,472
152,6,288.14351145038165,1310
214,6,303.1503416856492,439
16,6,290.8854415274463,838
67,6,240.4424635332253,1234
153,6,249.05,420
180,6,249.3231707317073,984
171,6,257.9704641350211,948
3,6,324.16054267947993,1769
147,6,287.0075705437027,1453
115,6,411.64814814814815,810
182,6,296.6165191740413,2373
32,6,330.0206030150754,1990
45,6,303.9409090909091,660
172,6,364.35227272727275,264
144,6,257.2421497584541,1656
123,6,220.52385496183206,1048
101,6,309.81456953642385,302
217,6,341.3938848920863,556
165,6,217.34350213544843,1639
126,6,297.68503937007875,1905
114,6,249.97085201793723,1338
195,6,302.3948717948718,780
52,6,240.8035426731079,621
138,6,231.31159420289856,414
66,6,274.8224374495561,1239
109,6,435.58,350
204,6,358.25925925925924,162
64,6,355.09923664122135,262
108,6,240.27715355805245,801
73,6,259.1687817258883,788
150,6,256.78384279475983,458
201,6,384.8724137931035,290
184,6,272.17525773195877,97
253,6,339.7,10
96,6,292.7792207792208,77
43,6,222.52985074626866,268
46,6,565.4666666666667,45
12,6,252.6,10
130,7,277.7930262912549,5363
160,7,322.7390977443609,2660
235,7,354.6772554002541,4722
7,7,232.17045999041687,8348
166,7,265.56583127426757,2833
95,7,276.37240910635404,5886
173,7,279.87160053499775,2243
75,7,292.86878413337166,6958
116,7,328.1013734466972,4587
35,7,424.26976901028496,5931
129,7,259.4445603965562,7666
216,7,285.3397426630042,6917
30,7,519.05,20
132,7,266.25200764818356,7845
175,7,317.9264173703257,829
197,7,297.2620232172471,4824
258,7,328.1526717557252,3799
109,7,383.0229132569558,611
28,7,277.51077389984823,3295
122,7,393.6478034251675,1343
11,7,242.61244695898162,1414
210,7,267.9994441356309,3598
148,7,283.123820754717,3392
68,7,202.5431749955854,5663
73,7,274.5175304878049,1312
56,7,293.04632152588556,3670
123,7,247.24411445128575,2761
71,7,405.3258685642528,4778
37,7,353.34992764109984,6910
157,7,324.12665256478056,3782
90,7,207.3262089810017,4632
45,7,284.37361419068736,902
225,7,398.5632473253619,6356
67,7,263.88145896656533,2303
85,7,379.92710782667115,2977
186,7,190.821854912764,3267
33,7,280.1350263239393,3229
133,7,255.25383141762453,2088
16,7,275.23010610079575,1508
91,7,401.726570545829,5826
156,7,314.08233890214797,1676
4,7,360.62038955656857,2413
252,7,305.5023255813953,1075
229,7,219.2421033073207,5382
70,7,246.06153279292556,2714
198,7,337.915261565067,4626
214,7,321.1911111111111,900
107,7,243.70421989934184,5166
112,7,276.6351121685928,5884
195,7,312.9562243502052,1462
179,7,249.14642857142857,3640
82,7,250.14250333396836,5249
223,7,212.83529638926433,5179
170,7,213.08118846087407,5789
78,7,373.64489710205794,4762
61,7,405.1315548314836,9821
101,7,313.3054474708171,514
263,7,311.12906867356537,5315
119,7,332.69989929506545,3972
92,7,231.91669257071806,3217
17,7,384.1491362763916,5210
126,7,346.5596361185984,2968
50,7,236.94649227110583,5046
39,7,419.9917633845002,8013
72,7,448.69700862543584,5449
144,7,252.96105114969498,2131
76,7,358.4526406182911,11645
152,7,297.3963443963444,2079
182,7,376.8656674208145,3536
121,7,296.7704849498328,2392
139,7,333.2806818181818,1760
66,7,282.9428017450315,2063
238,7,298.2229659067141,4781
233,7,228.00437288809383,5031
115,7,416.1551724137931,986
100,7,188.13340122199594,1964
26,7,267.8923590054579,3298
224,7,338.4475933423302,2223
259,7,401.4916666666667,2880
261,7,234.1882937603534,1811
36,7,325.67068378307573,3817
77,7,392.4706448508181,3117
80,7,300.37858562908264,3521
226,7,250.51390239160023,5143
151,7,293.8787061994609,2597
135,7,277.17687074829934,1764
247,7,322.8117204048011,4249
241,7,303.30933153880665,4458
153,7,291.34915773353754,653
164,7,191.8311111111111,4725
180,7,304.9534180278282,1653
86,7,398.0482529118136,1803
18,7,324.4569069673782,4966
47,7,324.56825232678386,3868
147,7,312.35148706064115,2589
184,7,331.89166666666665,120
222,7,410.6748080949058,1433
159,7,288.58454007750356,4903
243,7,271.1275179856115,5560
60,7,391.2636617471081,2507
87,7,225.49075862068966,3625
114,7,233.0349322210636,1918
32,7,351.024016563147,2415
163,7,186.19829361576933,3399
3,7,346.5077805077805,2442
161,7,180.4159325928763,2611
165,7,256.1769377382465,3148
131,7,331.4451871657754,1496
171,7,266.86848397895744,2091
63,7,318.1117166212534,3303
108,7,262.241097489784,1713
201,7,410.83666666666664,300
51,7,384.9347900307272,2929
43,7,235.57557251908398,655
202,7,312.27485380116957,684
124,7,377.1939528023599,1356
174,7,295.6133904418395,4436
62,7,390.16323633782827,2818
154,7,365.5074626865672,67
128,7,214.76923076923077,208
209,7,242.93144815766925,1167
34,7,303.6652892561983,242
206,7,373.3430018416206,2172
59,7,370.61206896551727,116
217,7,371.5063469675599,709
52,7,259.36206896551727,1044
240,7,382.6346863468635,542
58,7,438.94105263157894,475
172,7,375.19354838709677,372
150,7,265.8197064989518,954
138,7,229.66236024844721,4025
96,7,350.196261682243,107
118,7,363.1572700296736,674
194,7,355.82,50
57,7,282.78,200
99,7,320.0,13
204,7,370.6860068259386,293
46,7,539.4392523364486,107
64,7,322.1238738738739,444
253,7,353.7647058823529,17
75,8,287.6993749091438,6879
150,8,241.39306358381504,1038
95,8,241.0790519443656,7046
85,8,280.1364646144081,3151
17,8,364.7923797223119,6194
39,8,320.7031559333877,8587
76,8,278.90484837479573,11014
223,8,216.53161637516817,5203
229,8,230.44812395564333,6583
163,8,210.51921878246415,4813
233,8,243.45493435609973,6779
263,8,317.4451426630435,5888
226,8,238.33034987794954,6145
121,8,248.11498810467882,2522
119,8,289.46867855509834,4374
130,8,236.6309754521964,6192
72,8,345.8512116590408,5901
35,8,328.60820179967544,6779
116,8,271.11823388139663,5413
164,8,213.56247272727273,6875
18,8,263.28351281099145,5386
114,8,256.31242556570066,2519
36,8,276.67114568599715,4242
173,8,275.7225,2400
135,8,246.11608623548923,2412
225,8,348.50414404115463,6998
7,8,225.92235494880546,9376
101,8,269.9967105263158,608
161,8,183.78948717948717,3900
124,8,329.95671641791046,1340
129,8,244.91579465714636,8123
82,8,238.4463208685163,5803
126,8,296.123629112662,3009
28,8,244.9315693430657,3288
166,8,216.51920199501248,4010
68,8,211.01333656644036,8248
56,8,274.8884585592564,3873
70,8,235.75456310679613,2575
210,8,234.40402193784277,3829
108,8,244.82142857142858,1904
71,8,290.08899006622516,4832
61,8,352.73008620689654,11600
4,8,408.547466095646,2802
91,8,294.29030006978365,5732
179,8,249.58602150537635,3906
235,8,305.9384346475044,5149
206,8,290.945795137505,2509
258,8,283.86953438903333,4231
80,8,295.2062321598478,4204
107,8,283.04201438848924,6950
156,8,295.9583333333333,1752
160,8,271.89562660786476,2721
133,8,249.56209150326796,2448
11,8,240.18859649122808,1596
216,8,263.41529023124116,6357
37,8,311.3529566706177,7593
112,8,296.8689451368367,7783
157,8,283.4176204418419,3757
63,8,256.5936100328456,3349
243,8,237.8300586004826,5802
151,8,261.2325279293323,3849
87,8,233.3319310897436,4992
50,8,290.5464830970556,7336
204,8,346.16616314199393,331
139,8,266.3184615384615,1950
90,8,224.7715036112935,6092
180,8,251.10772104607722,1606
238,8,278.9265470400805,5963
197,8,258.9273479031305,5079
261,8,232.5574687903573,2323
186,8,223.4529015979815,4756
209,8,258.74120603015075,1592
148,8,336.0175438596491,4845
247,8,257.10214270855005,4807
144,8,284.9485831142273,3423
170,8,231.840438639724,8116
78,8,300.989898989899,5445
217,8,380.4747010119595,1087
62,8,342.90527182866555,3642
51,8,306.3098966026588,3385
26,8,293.66510845175765,5348
132,8,256.9450877192983,5700
100,8,205.854694996573,2918
77,8,291.78703134603563,3254
123,8,236.67751981879954,3532
153,8,219.7913043478261,805
3,8,264.6208955223881,2345
174,8,238.7015059563947,4449
67,8,248.5198105081826,2322
47,8,266.13428638387626,4267
224,8,398.31977401129944,2655
16,8,225.052660449808,1823
198,8,291.50942684766216,5304
152,8,237.1907949790795,2390
33,8,280.31674317467986,4139
115,8,347.5849358974359,1248
32,8,285.8784067085954,2862
138,8,226.54525077052395,7138
259,8,314.75121792789867,3079
171,8,240.18177717636445,2217
222,8,323.4829268292683,1435
73,8,258.2658022690438,1234
159,8,223.4066966108616,4898
92,8,232.8332848414315,3437
195,8,289.8873720136519,1465
66,8,297.46718803128186,2941
182,8,276.55237045203967,3628
241,8,255.7707336523126,5016
147,8,244.1977424749164,2392
45,8,315.06011854360713,1181
131,8,265.62396694214874,1694
201,8,376.4799107142857,448
252,8,270.16367887763056,1283
118,8,303.6380952380952,735
214,8,269.79891304347825,920
52,8,266.9220314735336,1398
109,8,364.8359712230216,695
122,8,293.5290819901892,1427
165,8,238.12855079441502,4154
175,8,271.4925373134328,1005
43,8,225.56808035714286,896
64,8,304.3256955810147,611
60,8,317.46380243572395,2956
57,8,251.3443396226415,212
240,8,307.0839416058394,548
172,8,311.80582524271847,515
96,8,309.1792452830189,106
34,8,313.90274314214463,401
86,8,380.43257443082314,1713
202,8,329.44050343249427,874
59,8,282.27891156462584,147
12,7,144.8,15
184,8,263.8939393939394,132
58,8,325.27472527472526,455
128,8,185.66857142857143,175
99,8,299.57142857142856,7
154,8,297.8333333333333,30
194,8,332.56,75
253,8,301.92,25
46,8,491.92105263157896,76
230,9,189.40185451221106,7657
22,9,230.37671232876713,3650
262,9,284.37566607460036,4504
42,9,233.11316085489315,8890
256,9,257.73869630746043,5308
162,9,183.31322957198444,4626
98,9,243.08837772397095,826
88,9,195.3070577451879,1091
125,9,185.01502145922746,2796
205,9,255.89795353982302,3616
236,9,215.63369232814784,7521
196,9,223.99146757679182,2344
97,9,233.79514321295144,4818
155,9,265.47902097902096,2574
79,9,234.0085170925213,8571
231,9,198.9917968311046,8899
146,9,222.89074751698902,1913
74,9,237.30929243850593,6586
249,9,195.97916666666666,5664
38,9,242.55351681957185,981
177,9,287.3952328159645,3608
189,9,223.72583081570997,2648
239,9,233.20292474531712,6086
48,9,209.20635538261996,7710
137,9,220.8154920895829,4867
140,9,228.5810387469085,6065
29,9,222.015,2000
55,9,251.23119122257054,2552
65,9,239.40860772621207,3857
188,9,256.75873108265426,6872
134,9,202.19201435621355,2229
142,9,224.96808688387637,5985
145,9,209.33270202020202,6336
181,9,195.39433800400343,6994
15,9,272.76788553259144,629
53,9,261.1926671459382,1391
136,9,222.26195605342525,2321
257,9,237.85242718446602,1545
143,9,256.3404605263158,6688
246,9,199.83124322650565,6459
260,9,207.7489563039243,3593
215,9,241.57337278106507,3380
102,9,243.41281289775137,2357
93,9,248.86231884057972,138
40,9,219.0276322058123,2099
25,9,231.74438078448657,4538
232,9,286.8739236034445,4529
83,9,232.2983981693364,2185
191,9,246.37113402061857,2522
221,9,255.91048034934497,1374
234,9,185.19943600188,6383
158,9,191.48869870528856,4557
218,9,239.31589743589743,1950
141,9,228.3585328293434,7143
19,9,255.77301587301588,630
183,9,237.39786710418375,1219
213,9,292.8558654460294,4697
13,9,185.79703378192804,3641
49,9,240.66360462979975,5443
193,9,236.58877786318217,1301
24,9,215.85038860103626,1544
176,9,286.02721088435374,294
228,9,211.32138554216868,3320
237,9,201.12596843615495,6970
212,9,263.3378433784338,2439
117,9,337.87719298245617,1311
244,9,216.5104542177361,6935
211,9,185.49103139013454,3122
168,9,234.45396587286706,5333
10,9,230.57333333333332,3150
113,9,183.6200408997955,4890
89,9,241.81048158640226,7060
41,9,215.23820033955857,5890
106,9,218.56235294117647,1275
203,9,285.4590443686007,1172
255,9,206.0072340425532,4700
167,9,234.23427964977446,3769
200,9,238.5538204127161,1793
69,9,228.69710558499796,4906
254,9,260.64933239634576,4269
178,9,230.7907869481766,1563
21,9,224.7316032705297,2813
6,9,245.3200663349917,603
227,9,232.53571428571428,2296
81,9,260.9429484253765,2191
250,9,229.59757626410362,2393
208,9,253.68964259664477,2742
14,9,205.979991663193,4798
251,9,243.3397435897436,624
127,9,195.68787137364558,2861
9,9,218.093399750934,803
245,9,267.71794871794873,585
185,9,229.99965457685664,2895
44,9,353.6049822064057,281
248,9,259.35284618490107,2477
149,9,208.9030883919063,2817
169,9,230.2603550295858,4225
220,9,216.0056677293659,2823
94,9,220.12975778546712,1734
54,9,252.71475409836066,610
242,9,214.31351021652944,3279
219,9,256.0576565406076,1613
20,9,227.0609243697479,2380
190,9,232.37942122186496,311
120,9,213.6,80
23,9,268.33904354032836,1401
187,9,258.7532894736842,608
5,9,324.19375,320
192,9,217.31870503597122,1390
84,9,314.23835616438356,365
31,9,238.9776536312849,179
207,9,222.03508771929825,57
220,10,215.27364591754244,2474
143,10,201.39993145990405,5836
249,10,178.77472527472528,4732
23,10,270.7685624012638,1266
79,10,190.41494435612083,7548
137,10,205.45679611650485,4120
260,10,204.85726744186047,3440
6,10,244.4867256637168,565
25,10,221.13355481727575,4515
53,10,256.77394957983194,1190
9,10,219.8830985915493,710
196,10,227.03675213675214,2340
234,10,179.52304797742238,6378
145,10,205.09413663259818,5577
242,10,218.03039422208846,3323
65,10,229.9943834567271,3917
97,10,221.46073526212749,4597
231,10,195.8645685997171,8484
141,10,210.44566353187042,5742
158,10,177.5849354753753,3797
113,10,175.99593743652244,4923
191,10,235.20186640471513,2036
140,10,213.95616736098532,5521
89,10,234.3311460399817,6553
55,10,243.32538955087077,2182
14,10,209.19113508442777,4264
228,10,216.07803379416282,3255
255,10,176.25467712733857,4971
21,10,221.5911286780852,2277
22,10,234.48346456692914,3175
236,10,193.78011472275335,6799
162,10,186.6186937817755,5114
15,10,280.47402597402595,616
211,10,166.7565789473684,3192
181,10,190.27281917966494,6924
142,10,194.28297055057618,5467
230,10,193.10895998111204,8471
48,10,193.4802938268117,7079
232,10,258.88995906573564,4153
262,10,223.12613575628006,3742
246,10,190.91945265122064,6431
239,10,195.03894273127753,5675
251,10,240.79705400981996,611
237,10,188.30085638073845,7123
219,10,265.8114374034003,1294
19,10,247.4260700389105,514
49,10,224.42660369933097,5082
24,10,202.6096096096096,1332
245,10,265.7641357027464,619
74,10,228.05308932777677,5519
102,10,243.53082851637765,2076
185,10,230.48390849166344,2579
41,10,205.12355880092235,5204
134,10,209.4089552238806,2010
205,10,247.95295232080832,3167
218,10,239.6443202979516,1611
257,10,221.85561497326202,1309
227,10,235.16086316821972,2039
42,10,226.66825548141088,7343
146,10,212.55573593073592,1848
212,10,245.73170731707316,2050
213,10,270.36391993761373,3847
188,10,250.42589576547232,6140
248,10,238.2814221331998,1997
177,10,271.3370022661055,3089
13,10,190.22069626317472,3131
29,10,222.20942720763722,1676
176,10,289.3298969072165,291
69,10,234.8482187656799,3986
83,10,224.77485659655832,2092
20,10,224.3243003109729,2251
106,10,222.73357400722023,1385
244,10,201.91744652406416,5984
215,10,238.68391608391607,2860
192,10,221.67860116569526,1201
10,10,227.23121611154144,2582
149,10,210.61545372866127,2226
155,10,249.9496629213483,2225
168,10,237.52422303473492,4376
256,10,226.32334652345958,5307
127,10,193.5061518879932,2357
208,10,250.60445804195805,2288
98,10,234.8544474393531,742
254,10,259.84168720898384,3651
203,10,288.4816556914393,1063
125,10,175.2014466546112,2765
250,10,222.42758620689656,2175
169,10,232.30457933972312,3756
189,10,210.23614457831326,2490
117,10,346.9943074003795,1054
40,10,205.35449438202247,1780
200,10,248.87783711615486,1498
31,10,235.0493827160494,162
94,10,221.42796092796092,1638
136,10,219.09586945436,1961
183,10,242.19379844961242,1032
93,10,262.34705882352944,170
88,10,182.47790507364977,1222
167,10,234.8508498092265,2883
54,10,225.650390625,512
193,10,233.98232931726906,1245
221,10,241.81174438687393,1158
84,10,319.77153558052436,267
178,10,219.39403973509934,1208
38,10,227.485312899106,783
190,10,230.24233128834356,326
81,10,261.01324854266034,1887
187,10,256.41796200345425,579
207,10,261.1442953020134,298
44,10,357.88715953307394,257
5,10,326.25563909774434,266
120,10,209.20212765957447,94
237,11,191.18122802272111,7394
242,11,241.11219777234447,3681
143,11,202.62345679012347,5184
24,11,205.28939157566302,1282
74,11,233.0502897737895,5349
49,11,228.5166494312306,4835
232,11,254.24384555584348,3859
14,11,210.3677514068999,4087
230,11,205.38699758401054,9106
22,11,236.51998559596686,2777
221,11,258.7822651448639,1139
137,11,213.75964391691394,4381
134,11,214.50607287449392,1976
262,11,223.46879452835566,3509
158,11,171.5326530612245,3920
89,11,236.50705825085186,6163
141,11,208.30671506352087,5510
113,11,173.62230879639122,4877
236,11,199.25046040515653,7059
162,11,196.36236702127658,6016
231,11,197.06813496799393,9217
191,11,235.14875135722042,1842
38,11,228.15227817745804,834
79,11,186.67437899219306,7045
140,11,223.5002687690378,5581
21,11,226.8500939849624,2128
13,11,192.93021978021977,3640
239,11,196.03653050206947,5557
48,11,201.09624653132758,6847
169,11,236.98153753026634,3304
228,11,231.8220802919708,3288
25,11,228.13018628281117,4724
250,11,225.07530737704917,1952
244,11,208.6106998654105,5944
146,11,217.60649286768322,2033
256,11,214.05863708399366,5048
10,11,223.8597635548308,2453
41,11,211.70040959625513,5127
88,11,194.36858974358975,1560
260,11,207.5316137150047,3179
145,11,213.0774695534506,5912
193,11,244.18211382113822,1230
149,11,215.6101860920666,2042
181,11,193.2307803468208,6920
97,11,224.54443466783985,4546
257,11,222.13962873284908,1239
220,11,219.55337519623234,2548
125,11,179.10278858625162,3084
40,11,208.8788386376326,1791
234,11,183.69419372221475,7423
155,11,242.0503370786517,2225
205,11,243.28519328956966,2742
255,11,183.893387553041,5656
189,11,215.1613023952096,2672
211,11,170.6909605974762,3883
188,11,248.31935861032235,5987
20,11,222.17535545023696,2110
69,11,239.91654998599833,3571
215,11,239.8752959747435,2534
9,11,224.48318804483188,803
246,11,196.7221111555378,7503
218,11,239.514515132798,1619
102,11,243.45810955961332,1862
42,11,231.49897179788485,6808
249,11,174.71058823529413,4675
65,11,237.60569786928417,4177
168,11,238.41995192307692,4160
117,11,335.174168297456,1022
196,11,234.78516949152544,2360
177,11,258.2117962466488,2984
106,11,216.69084967320262,1530
136,11,214.42238470191225,1778
167,11,241.52437166793604,2626
213,11,263.31238248724145,3723
98,11,234.35302593659944,694
142,11,198.6180336050574,6011
254,11,245.20980683506687,3365
53,11,251.20742150333015,1051
15,11,269.73674911660777,566
208,11,246.7813993915689,2301
203,11,277.07122232916265,1039
19,11,242.33873873873873,555
185,11,235.7275132275132,2646
93,11,269.55384615384617,195
54,11,223.30562347188265,409
83,11,220.93465227817745,1668
23,11,283.19306184012066,1326
127,11,194.1230558096981,2186
212,11,239.56536926147706,2004
219,11,260.6606864274571,1282
248,11,229.95020266357847,1727
31,11,239.17,200
6,11,248.06060606060606,528
55,11,261.74269557021677,2122
84,11,310.5261538461538,325
200,11,259.09456598447423,1417
81,11,249.8212450028555,1751
178,11,230.13367346938776,980
183,11,238.3170254403131,1022
29,11,230.70756516211063,1573
251,11,248.9612141652614,593
44,11,354.5064935064935,308
187,11,270.75,560
227,11,249.28514456630108,2006
245,11,274.1234756097561,656
120,11,217.0612244897959,98
94,11,217.95208761122518,1461
192,11,220.32391879964695,1133
176,11,295.2895622895623,297
190,11,210.9452380952381,420
5,11,329.55598455598454,259
207,11,276.20812182741116,197
27,11,533.9583333333334,24
111,11,242.23809523809524,21
144,12,195.26726844583987,5096
4,12,247.02361872627583,2371
107,12,195.999152111243,5897
90,12,176.92670356938348,5239
37,12,250.86392310003004,6658
61,12,271.02056634973127,9676
18,12,236.17251461988303,3420
166,12,204.74004144600508,4343
66,12,212.06442953020135,2980
87,12,218.09162848812994,4802
195,12,236.37201907790143,1258
28,12,235.42506666666668,1875
229,12,214.28362944162436,4728
47,12,242.22707612456747,2312
72,12,283.38230688935283,3832
35,12,287.4203644158628,4665
138,12,281.02253032928945,16733
170,12,211.86864085041762,7902
224,12,257.80151586925626,2111
78,12,247.96715437444013,3349
76,12,250.39784425336077,8257
151,12,224.22375041932239,2981
121,12,234.12932692307692,2080
130,12,254.77385222381636,5576
39,12,264.9755439669124,5561
91,12,252.90904325032764,3815
80,12,216.95618556701032,4268
225,12,276.1599530043639,5958
7,12,207.1294010059442,6561
82,12,224.99078525641025,4992
233,12,225.47595792637114,5324
71,12,254.4220380601596,3258
17,12,280.2815649081209,6748
85,12,259.47837043259136,2381
226,12,227.30017903322062,5027
216,12,209.66268382352942,4352
197,12,231.78155637254903,3264
148,12,196.41463414634146,5617
33,12,222.80829992926198,4241
11,12,239.4982738780207,869
68,12,187.80578512396696,8712
263,12,234.35287166154572,4231
174,12,234.04418677530555,3191
164,12,200.18176084762865,7928
206,12,279.1199502796768,1609
95,12,242.12192532295168,5651
171,12,222.02050264550263,1512
75,12,249.80340333091962,5524
50,12,212.72715600256794,4673
16,12,228.0051775147929,1352
123,12,238.87360594795538,2959
210,12,232.25808878856282,2658
112,12,206.3657301535446,6122
238,12,217.28559788144224,4909
186,12,190.81597005614472,4809
179,12,233.6299589603283,2924
132,12,268.24068832786145,8833
63,12,232.77579451458425,2297
241,12,228.6639020537125,2532
116,12,237.46393762183237,3591
114,12,169.59084862995476,3759
223,12,211.98315422596573,3443
62,12,272.22627986348124,2930
165,12,236.71222030981068,2905
129,12,233.665879789359,5507
77,12,266.4321277595115,2129
163,12,194.0770276393294,6621
45,12,241.43367075119872,1877
152,12,225.90547520661158,1936
258,12,231.74692370795734,2438
34,12,271.35931307793925,757
92,12,246.2153439153439,3780
58,12,291.2190476190476,210
182,12,231.27938144329897,1940
261,12,223.75571791613723,3148
147,12,248.32801664355063,1442
180,12,223.00698689956332,1145
56,12,228.15917602996254,2136
161,12,199.79485997464562,8677
160,12,241.98264512268102,1671
198,12,246.3153735632184,4176
201,12,342.5230769230769,325
133,12,237.7808743169399,1830
222,12,281.41329966329965,1188
159,12,250.01650540694365,3514
243,12,222.5641957364341,4128
173,12,261.96279949558635,1586
32,12,229.47228381374723,1804
124,12,280.5911458333333,1152
36,12,240.19569288389513,4272
119,12,249.04497354497354,2268
52,12,206.5876524390244,1312
60,12,263.01957494407156,1788
259,12,271.0400866738895,1846
131,12,243.26655348047538,1178
115,12,295.2518409425626,679
247,12,256.90118462872005,3461
172,12,292.52539404553414,571
100,12,207.61596119929453,4536
252,12,268.5331230283912,951
86,12,337.29194630872485,1192
150,12,226.58310991957106,746
43,12,191.67584745762713,1416
26,12,277.8406007751938,6192
128,12,204.87292817679557,181
126,12,324.8057772709996,2631
214,12,257.1062068965517,725
3,12,234.15814506539834,1682
157,12,251.73490276356193,1954
73,12,219.91096774193548,775
67,12,234.8213802435724,1478
139,12,240.8241965973535,1058
51,12,246.7058598238223,2611
209,12,241.1138703815869,1651
122,12,243.6070460704607,738
109,12,308.11191335740074,554
118,12,287.6847682119205,755
108,12,242.09677419354838,1085
202,12,320.45008183306055,611
253,12,363.74074074074076,27
135,12,239.81086387434556,1528
156,12,268.2359855334539,1106
235,12,254.77521423862888,3034
217,12,272.07163742690057,2052
70,12,211.43626666666665,1875
57,12,253.65217391304347,161
64,12,279.23474178403757,426
101,12,265.6252771618625,451
153,12,208.2924791086351,718
194,12,470.24675324675326,77
175,12,241.2759067357513,772
240,12,262.1456953642384,302
184,12,251.95652173913044,115
96,12,236.47619047619048,84
12,12,188.17910447761193,134
154,12,321.59722222222223,72
204,12,316.2289719626168,214
46,12,415.4492753623188,69
59,12,223.8695652173913,69
30,12,435.8333333333333,18
61,13,266.61828435737607,10107
95,13,251.18229608275394,5897
197,13,235.53665604172704,3451
223,13,207.37929078014184,3525
226,13,223.34761054927623,5043
126,13,302.9093918080265,2417
78,13,256.2455005624297,3556
43,13,188.88183807439825,1371
118,13,282.7980665950591,931
186,13,190.59223932365055,4613
121,13,237.97056239015816,2276
157,13,248.04153846153847,1950
243,13,223.52435105067985,4045
131,13,243.25393419170243,1398
123,13,234.7492085824833,2843
114,13,175.85684647302904,4338
261,13,221.17574107683,3306
238,13,221.2798245614035,4560
229,13,208.14599174451445,4603
170,13,208.02639671963095,7804
50,13,210.22723367697594,4656
116,13,237.3404315729699,3522
71,13,257.1746256004521,3539
241,13,229.68022638839759,2827
130,13,269.04795532928233,6089
17,13,271.411933448078,6972
112,13,200.30837359098228,6210
164,13,195.48719590268885,7810
138,13,284.19068413391557,15801
225,13,268.618172707533,5987
7,13,201.22760875746374,7034
107,13,198.89158910720442,5802
135,13,234.15370705244123,1659
68,13,187.92349851564285,8758
179,13,231.75793382849426,2962
263,13,230.55394291243348,4134
80,13,224.22472155492466,4579
87,13,216.60963701974103,4711
195,13,253.2649753347428,1419
233,13,222.52683780630105,5142
90,13,176.35519542421355,5245
151,13,226.3233830845771,2814
252,13,270.70301850048685,1027
259,13,278.7955699123212,2167
161,13,199.1282959874935,9595
56,13,237.51422505307855,2355
173,13,269.11438474870016,1731
160,13,251.12074829931973,1764
4,13,253.2201062887511,2258
224,13,253.7783531848783,1931
119,13,252.4714738510301,2524
144,13,207.92871865338373,5822
132,13,268.5877632898696,8973
92,13,244.59730113636363,4224
52,13,210.26781695423855,1333
159,13,264.778564453125,4096
39,13,266.216265560166,6025
91,13,249.5032679738562,4131
11,13,234.25701459034792,891
133,13,225.2866520787746,1828
45,13,247.66781665845244,2029
77,13,265.85647359454856,2348
76,13,258.13098073176013,9238
216,13,225.40753623188405,5175
37,13,249.86814584511023,7076
166,13,206.03703703703704,4293
247,13,264.92382165605096,3925
85,13,253.8254813600983,2441
72,13,284.1094441711756,4066
209,13,228.72630331753555,1688
60,13,271.07586206896553,1885
148,13,208.79882154882154,5940
35,13,285.50345528455284,4920
198,13,243.84517821998688,4573
182,13,233.50068150840528,2201
75,13,240.075420510038,5529
156,13,294.6638846737481,1318
16,13,234.96853146853147,1430
28,13,251.34217749313814,2186
235,13,258.20791195716833,3362
174,13,225.1602564102564,3276
180,13,236.8735976065819,1337
82,13,225.78556584167768,5293
129,13,237.86556200888282,5854
175,13,244.10435931307794,757
210,13,234.0476362324071,2771
73,13,221.5909090909091,814
47,13,253.12847884102172,2623
70,13,209.97422409258286,1901
163,13,192.84443796471788,6859
222,13,281.46134663341644,1203
33,13,226.37009209888512,4126
122,13,263.3148788927336,867
57,13,245.33879781420765,183
100,13,203.1410934744268,4536
152,13,232.59428257284222,1819
108,13,236.74054054054054,1110
36,13,242.7190866006032,4642
258,13,240.0246679316888,2635
66,13,217.99162011173183,3222
32,13,226.98946312092323,1993
18,13,240.67124024751143,3717
3,13,233.58094206821875,1847
86,13,339.4030390738061,1382
51,13,249.44919434396581,3041
63,13,238.27328936521022,2426
62,13,259.73689227836036,3147
171,13,220.89116915422886,1608
147,13,259.77821782178216,1515
139,13,265.10459587955626,1262
172,13,296.86019736842104,608
124,13,279.0585906571655,1263
165,13,236.68998628257887,2916
59,13,232.4558823529412,68
115,13,285.43798449612405,774
64,13,290.0711206896552,464
217,13,270.25864909390447,1821
67,13,231.44612216884008,1457
206,13,263.8751406074241,1778
34,13,252.36376021798364,734
26,13,266.42918381344305,5832
202,13,311.14241001564943,639
109,13,304.50779896013864,577
214,13,250.23673997412678,773
204,13,307.49122807017545,228
153,13,210.872460496614,886
58,13,287.0522088353414,249
46,13,386.5903614457831,83
101,13,262.20135746606337,442
201,13,343.12947658402203,363
150,13,239.47785234899328,745
96,13,278.9009900990099,101
154,13,369.0169491525424,59
240,13,264.20327868852456,305
194,13,385.7654320987654,81
184,13,260.2824427480916,131
30,13,429.92857142857144,28
8,13,244.6206896551724,29
12,13,204.96703296703296,182
99,13,300.2,20
254,14,286.74719605204126,4458
255,14,186.3035903650962,6601
218,14,252.21550530687585,2167
10,14,231.83715360930552,2923
41,14,242.4978759558199,5885
251,14,299.8443337484433,803
234,14,185.79297498669504,9395
246,14,212.88371369294606,9640
113,14,185.3733690795353,5595
260,14,214.2049302049302,3367
48,14,197.26147243314625,6058
239,14,205.1983062808751,5668
15,14,298.44586894586894,702
145,14,204.99532346063913,6415
181,14,202.17384250592787,8013
65,14,257.23005384238866,4086
25,14,240.73155827149716,4582
141,14,219.54066894716837,5262
244,14,222.28001778831901,6746
191,14,255.11481481481482,2430
231,14,203.96327564373152,9476
177,14,280.616399887672,3561
228,14,241.90487687107677,4142
188,14,271.85916121356337,6724
83,14,245.10911136107987,1778
196,14,254.4446557626474,2629
237,14,199.97686620558073,8386
44,14,348.8523316062176,386
106,14,219.86343331206126,1567
162,14,198.7665537419156,6494
230,14,197.97416633715565,7587
168,14,275.4967185449091,5333
189,14,224.45038434661078,2862
245,14,315.55968169761275,754
42,14,265.7961351420527,7814
236,14,213.62426152028357,7617
55,14,249.67759115116755,2441
13,14,195.50944946589976,3651
242,14,244.52674524025386,4412
176,14,362.4470899470899,378
140,14,236.9499727123886,5497
89,14,250.11268603827074,7055
262,14,240.854822671528,3017
40,14,213.24454828660436,1926
14,14,221.22081165452653,4805
249,14,184.34072790294627,5770
146,14,212.4761416110826,1949
221,14,285.6073407202216,1444
220,14,230.02499209111042,3161
79,14,193.58578211215192,7793
143,14,214.04323070434415,4742
102,14,255.00578313253013,2075
74,14,265.6923076923077,6461
155,14,259.633425990271,2878
185,14,246.06284916201116,2864
137,14,223.0513519654624,4401
167,14,274.54375939849626,3325
149,14,234.0921985815603,2397
20,14,260.31094527363183,2814
125,14,191.2859954083306,3049
248,14,259.31963048498847,2165
213,14,274.52570141306575,4883
23,14,328.42244224422444,1818
187,14,311.5557011795544,763
211,14,192.67707954958226,5506
49,14,241.765706282513,4998
256,14,214.20587684821263,5343
69,14,283.1561338289963,4573
158,14,181.2206316746194,4401
117,14,347.8139534883721,1204
215,14,263.5955091714105,3162
142,14,203.69050086355787,5790
97,14,239.6969861035914,5541
93,14,253.10084033613447,357
29,14,244.45272353545735,1946
232,14,284.3085977482088,3908
193,14,244.71655172413793,1450
227,14,256.79036574487066,2242
22,14,245.52227488151658,3165
136,14,247.18185840707966,2260
212,14,255.46383515559293,2378
24,14,217.64147774979008,1191
205,14,281.25563325563326,3861
98,14,268.618514750763,983
94,14,261.8196644920783,2146
5,14,343.6276150627615,239
6,14,285.68447412353925,599
31,14,260.08814589665656,329
81,14,283.3416030534351,2620
250,14,238.214441061331,2299
134,14,232.39732348869404,2167
200,14,256.63933626159104,2049
208,14,255.02685676392574,3016
183,14,237.4471544715447,1107
169,14,271.19678621332093,4294
19,14,273.28180574555404,731
127,14,211.78566037735848,2650
88,14,206.24832535885167,2090
203,14,324.5596837944664,1265
257,14,229.43491346877352,1329
21,14,233.2905377240517,2399
192,14,223.07575757575756,1320
9,14,248.20449438202246,890
38,14,260.1024875621891,1005
190,14,226.85915492957747,568
219,14,282.53084982537837,1718
178,14,241.62815533980583,1030
84,14,337.18382352941177,408
111,14,210.1875,48
54,14,228.45194805194805,385
53,14,255.38504155124653,1444
128,13,204.97860962566844,187
207,14,291.56476683937825,193
120,14,256.468085106383,94
27,14,454.92857142857144,14
192,15,222.4690067214339,1339
207,15,260.1623931623932,117
251,15,288.1861520998865,881
120,15,263.632183908046,87
54,15,219.28610354223434,367
111,15,206.71794871794873,39
27,15,545.68,25
27,17,470.2,25
253,19,333.125,8
8,19,274.72,25
8,23,215.92857142857142,14
207,0,237.7843137254902,51
46,1,461.30434782608694,46
207,2,310.53246753246754,77
128,3,310.1063829787234,47
154,3,451.53846153846155,13
59,4,315.05,20
194,3,515.6666666666666,3
8,6,253.1,20
194,6,345.8636363636364,22
128,6,180.49532710280374,107
30,6,540.1666666666666,12
8,7,205.47368421052633,19
8,8,238.58333333333334,24
30,8,495.03125,32
27,9,508.7391304347826,23
111,10,194.57575757575756,33
27,10,499.7391304347826,23
253,13,271.04761904761904,21
12,1,257.7,10
204,1,393.54545454545456,33
253,1,416.0,1
30,4,482.88235294117646,17
120,5,228.17241379310346,29
59,6,335.15,60
12,8,175.82857142857142,35
111,9,195.3181818181818,22
154,6,398.8965517241379,29
99,6,316.6666666666667,3
2,9,549.0,2
99,12,332.27272727272725,11
105,15,517.0,1
110,21,542.0,1
12,23,354.9375,16
27,0,480.8235294117647,17
30,3,588.0833333333334,12
154,4,476.5,10
8,12,197.7,20
110,13,301.0,1
2,14,336.2,5
111,2,252.58333333333334,12
253,3,292.5,4
253,4,537.5,4
2,17,903.0,1
111,5,268.3333333333333,18
253,23,393.5,2
8,1,320.0,2
110,7,652.3333333333334,3
253,20,295.5,2
110,12,223.0,2
2,15,278.5,2
105,16,300.0,1
2,18,547.0,1
12,4,248.0,1
116,16,236.75138734739178,3604
78,16,246.7192564346997,4196
147,16,238.36904761904762,2016
66,16,225.88460508701473,3735
68,16,201.23736501079912,9260
165,16,223.25776583034647,3348
62,15,281.8102648102648,3663
32,16,220.55482041587902,2116
229,16,198.50257289879931,4664
138,16,289.8764640611515,16222
148,15,235.75630954370718,5983
107,16,198.7251572327044,6360
226,16,222.89445774888813,5846
129,16,240.09828991529486,6257
7,16,196.52586659663865,7616
179,16,217.55580865603645,3073
39,16,242.00605612998524,6770
50,16,224.49934867564048,4606
112,16,206.31411451398137,7510
87,16,218.6860625122862,5087
37,15,241.9531230042151,7829
82,16,231.1045874432441,6387
161,16,210.65969403684045,12812
16,16,224.65189504373177,1715
148,16,236.0228125,6400
163,16,199.08355729293916,8186
132,16,302.9246372825414,14543
133,16,224.78478873239436,1775
263,16,216.57688160448566,4637
164,16,203.0568894145476,8455
108,16,228.16205837173578,1302
209,16,232.10161021654636,1801
182,16,214.79582778517533,2253
90,16,179.51769054743883,5681
70,16,209.13713980789754,1874
197,16,236.98552278820375,3730
135,16,234.50426378624218,1759
138,15,303.4405734093179,17021
92,16,246.80977198697067,4605
174,16,251.68430869666588,4289
130,16,258.1777548120398,7741
194,15,345.4507042253521,142
210,16,231.5926876202694,3118
91,16,239.1240345297592,4402
123,16,236.11904029529376,3251
34,16,247.4381833473507,1189
259,16,262.3037573562698,2209
153,16,247.96980155306298,1159
152,16,245.38665526090676,2338
17,16,255.75015974440893,7825
75,16,246.85320832112512,6826
18,16,253.67812113720643,4045
60,15,276.617853560682,1994
61,16,250.6391122547443,12436
77,16,246.15519523494373,3022
153,15,243.33429672447014,1038
63,16,220.5091979396615,2718
144,16,244.77423841980803,7189
238,16,217.97770154373927,5247
135,15,242.6526263627354,2018
126,16,302.8403334402052,3119
43,16,195.29415204678364,1710
33,16,233.2964108910891,4848
238,15,239.15540540540542,5624
52,16,210.13795180722892,1660
225,16,236.12765347102697,6972
56,16,232.5562613430127,2204
28,16,233.67469879518072,2158
118,16,285.28186274509807,1224
76,16,234.09126948373728,11099
170,16,212.06971070059254,8607
157,16,235.48533333333333,2250
122,16,234.18591859185918,909
85,16,250.87557452396587,3046
166,15,216.87278481012657,4740
115,16,281.9530638852673,767
222,16,257.4494477485132,1177
35,16,265.04421974041657,6626
101,16,270.5662824207493,694
12,16,233.6401515151515,264
235,16,261.92470780103287,3679
247,16,277.08956401657133,5069
225,15,255.10987825550933,6489
26,16,267.1287382056613,6253
173,16,265.6139534883721,1720
114,15,193.72900021593608,4631
95,16,241.44577777777778,6750
144,15,243.22956495559237,6643
195,16,251.24987146529563,1945
37,16,228.21675548395092,8069
45,16,272.23944839114085,2393
139,16,239.6794500723589,1382
150,16,236.67444326617178,943
160,16,235.53272532188842,1864
7,15,201.5287247046041,7363
174,15,244.26031187122737,3976
121,16,231.07896625987078,2786
95,15,246.0066889632107,6279
198,16,229.90665600639616,5003
233,16,218.34994358781498,5318
114,16,194.00825281803543,4968
75,15,265.76275434974934,6782
67,16,217.2888888888889,1575
132,15,293.35907889769726,13245
159,16,264.68636363636364,5060
39,15,258.9213313161876,6610
36,16,219.92808988764045,5340
261,16,239.64815299973802,3817
68,15,198.9982096900526,8937
165,15,231.70354702245362,3073
51,16,231.34267583289264,3782
100,16,218.6954900568182,5632
235,15,283.18892159486217,3737
47,15,273.90495867768595,3388
47,16,257.79618528610354,3670
166,16,222.74783729063134,5433
129,15,241.1690209449586,6159
80,16,211.14732494099135,5084
151,16,223.76341807909606,2832
223,16,204.07253649635035,4384
59,15,264.77,100
3,15,231.26029962546818,2136
90,15,178.68443663347003,5121
4,16,253.5400633770937,2209
11,16,222.9845644983462,907
131,16,231.27395411605937,1482
216,16,198.56819033345823,5338
71,16,251.69158217401556,4241
224,16,255.8848797250859,1746
258,16,232.26982378854626,2724
243,16,248.3541334547939,4391
17,15,270.0608902575588,7144
62,16,257.22204344328236,3729
60,16,260.949494949495,2178
182,15,229.51776649746193,2167
119,16,247.7728098873137,2751
73,16,220.91228070175438,912
61,15,275.498459695362,11686
241,16,237.78984532616005,2974
186,16,188.99126117179742,5035
197,15,229.48088912984548,3689
206,16,238.33441860465118,2150
226,15,223.1326725123904,5246
214,16,265.2767950052029,961
186,15,193.39652677279307,4837
78,15,261.201482996676,3911
263,15,236.49835988753514,4268
16,15,238.25258673158856,1643
130,15,265.7145916619075,7004
86,16,340.1747868453106,1642
109,16,287.125,520
247,15,304.36989201778533,4723
241,15,248.95353278166772,3142
243,15,246.97191668616898,4273
217,15,292.99557766721944,1809
72,16,266.71404255319146,4700
128,15,239.17096774193547,310
171,16,217.761620977354,1678
156,16,269.2696629213483,1246
163,15,195.24750667228543,7119
180,16,224.0868187579214,1578
124,16,251.42027972027972,1430
201,16,313.73951434878586,453
107,15,201.9804211911813,6078
64,16,303.727115716753,579
198,15,233.69331016507385,4604
35,15,292.2219300958862,6466
229,15,203.15048891008826,4193
214,15,268.94149414941495,1111
157,15,236.80493707647628,2066
57,16,284.0827586206897,145
26,15,267.93120351588914,5916
206,15,260.4526958290946,1966
259,15,276.52206572769956,2130
233,15,209.00800492610838,4872
195,15,256.24332006822056,1759
70,15,217.26625386996903,1938
170,15,203.8016412360559,7799
3,16,224.5351137487636,2022
156,15,278.7168983174835,1367
71,15,258.63968734241047,3966
252,16,268.74896437448217,1207
161,15,200.31865574380936,10742
202,16,283.0839363241679,691
172,16,292.7988422575977,691
51,15,240.56737177629674,3451
50,15,223.21110621419126,4538
100,15,207.04589270746018,4772
45,15,268.1189851268591,2286
128,16,228.96206896551723,290
76,15,241.09549769715198,10639
217,16,285.9121658483361,1833
180,15,224.84446074834923,1363
82,15,228.2405169519973,5958
116,15,248.2283105022831,3723
179,15,224.43987975951904,2994
96,16,263.9769230769231,130
147,15,257.42879746835445,1896
175,16,241.07940446650124,806
80,15,214.6964047936085,4506
43,15,210.38457008244995,1698
126,15,314.0302471412763,2711
33,15,237.9915928198137,4401
85,15,258.8720514653324,2798
123,15,241.8219764537995,2803
58,16,262.9873949579832,238
171,15,217.57977675640183,1523
261,15,232.1608938547486,3580
72,15,288.26061224489797,4900
204,16,297.2616822429907,214
154,15,351.76,150
240,16,252.02380952380952,420
121,15,245.58242203321183,2469
11,15,229.736312849162,895
36,15,229.98159749412687,5108
109,15,299.40520446096656,538
115,15,286.77543424317616,806
59,16,236.0204081632653,147
173,15,263.81749865807836,1863
210,15,230.49011725293133,2985
164,15,194.9369497669601,7724
4,15,255.49042844120328,2194
159,15,278.4153709462461,4502
223,15,205.2247565351102,3902
34,15,256.3406156901688,1007
99,16,332.8636363636364,22
18,15,261.805179090029,4132
131,15,238.72175141242937,1416
152,15,255.4171974522293,2198
175,15,243.6654970760234,855
119,15,266.71464375223775,2793
91,15,250.9625,4400
139,15,250.80504908835906,1426
56,15,234.77211328976034,2295
160,15,236.56723963599595,1978
92,15,243.8258662546899,4531
224,15,257.4719101123595,1691
63,15,222.79263410728583,2498
209,15,227.35406162464986,1785
222,15,267.21858407079645,1130
66,15,229.5575246132208,3555
112,15,200.9187379074267,6719
216,15,198.36375368731564,5424
28,15,241.20680741059888,2321
151,15,230.9408327246165,2738
133,15,228.91228070175438,1710
184,15,252.30188679245282,159
46,15,366.01960784313724,102
52,15,212.37618403247632,1478
64,15,304.4344262295082,610
87,15,215.22658282740676,4612
118,15,293.9244094488189,1270
172,15,301.05993690851733,634
154,16,355.58088235294116,136
258,15,232.5145878920496,2742
46,16,383.816,125
124,15,253.7958041958042,1430
77,15,262.34869075240306,3017
194,16,387.5625,160
252,15,268.2387543252595,1156
202,15,277.07839721254356,574
101,15,265.2173252279635,658
30,15,386.30232558139534,43
253,16,337.4166666666667,36
184,16,269.53146853146853,143
201,15,322.58354755784063,389
150,15,228.96221959858323,847
253,15,316.468085106383,47
204,15,311.6088560885609,271
32,15,232.82211138819616,2406
67,15,221.1387900355872,1686
86,15,346.83662145499386,1622
240,15,278.64864864864865,370
164,17,238.92375447288742,10899
114,17,203.3682614555256,5936
226,17,236.2598354525056,6685
4,17,272.8181818181818,2728
151,17,267.166091954023,3480
91,17,253.64114733801074,4846
39,17,257.96358816964283,7168
68,17,237.51355608987646,12061
229,17,234.85478855721394,6432
17,17,278.73953235454053,9195
61,17,277.21798685575925,14455
112,17,220.8937736427768,9781
122,17,238.91285403050108,918
72,17,278.12792607802874,4870
225,17,258.62072348252605,8155
148,17,242.54917623564654,8012
163,17,229.479354714807,10414
161,17,256.32074074074075,16200
233,17,254.7566037735849,6890
109,17,306.2258592471358,611
77,17,255.09027557808045,3157
35,17,284.04977375565613,6851
235,17,285.50892857142856,4032
18,17,280.12661660408844,4794
139,17,263.5617479417353,1579
87,17,281.6117091874355,6781
174,17,268.49624941397093,4266
133,17,245.36310063463281,2206
138,17,293.01759962328566,16989
166,17,252.9264896373057,6176
95,17,268.89502403533845,7697
45,17,283.5688960515713,2482
101,17,278.53973013493254,667
100,17,270.0549749463135,6985
56,17,252.19617660446062,2197
252,17,282.5383469843634,1343
132,17,295.6246051800379,12664
116,17,274.67486583184257,4472
36,17,235.4704268292683,6560
197,17,239.77198286722097,3969
107,17,225.14137214137213,8177
241,17,266.0595630050883,3341
47,17,270.4375,3536
206,17,251.93380895759017,2523
186,17,219.37774616721984,6327
238,17,246.77737627651217,6365
66,17,285.36211487257515,5258
37,17,248.00268678309394,9677
26,17,278.6671031096563,6110
121,17,235.20146818923328,2452
82,17,255.16011235955057,7120
179,17,223.78547105561861,3524
85,17,272.8096916299559,3405
130,17,269.69789310796335,8401
247,17,312.2052612741589,5588
90,17,207.4840909090909,7480
170,17,260.9242072699149,10344
243,17,272.332245054734,5207
108,17,231.22144846796658,1436
223,17,216.71271840715156,4922
159,17,284.4636531365314,5420
7,17,207.86480754957057,9431
115,17,293.8723667905824,807
71,17,265.8798791821561,4304
75,17,280.75128831027934,7374
175,17,252.5369696969697,825
118,17,305.78295702840495,1373
224,17,278.72470489038784,2372
33,17,280.3032585844429,5708
76,17,245.23614578132802,12018
80,17,233.1879514369141,6507
261,17,308.85375,4800
198,17,239.52356931640284,5749
144,17,254.03530657879253,8497
263,17,257.80930878777355,5758
86,17,341.505291005291,1512
157,17,250.9474322684998,2473
124,17,264.2198917456022,1478
62,17,282.93833780160855,4103
50,17,254.84501369421622,6207
119,17,268.5680751173709,2982
216,17,207.48647205411177,5618
135,17,242.10627753303964,1816
16,17,241.20144255538384,1941
63,17,225.8503329828251,2853
182,17,232.4288454161872,2607
67,17,226.0182894029048,1859
258,17,233.33447449503595,2921
129,17,259.5484839816934,6992
165,17,238.3722691523449,3433
3,17,243.75244444444445,2250
210,17,240.9277247759468,3459
173,17,294.27098831030816,1882
92,17,265.46403385049365,4963
126,17,318.17235396182764,3458
123,17,241.19927232017912,3573
171,17,228.41616272677294,1819
222,17,280.8128514056225,1245
28,17,246.40650063317855,2369
156,17,286.9539393939394,1650
160,17,256.387811634349,2166
99,17,357.6875,16
60,17,276.4456613310868,2374
32,17,232.5231816248405,2351
43,17,231.4424012979989,1849
209,17,279.38652173913044,2300
96,17,256.27564102564105,156
78,17,271.15661076018296,4591
259,17,271.73330550918195,2396
64,17,326.347602739726,584
147,17,259.5553547220967,2213
131,17,239.20817120622567,1542
201,17,334.14455445544553,505
30,17,402.6031746031746,63
51,17,245.67605288932418,4084
214,17,280.2282734646582,863
180,17,231.60228509249183,1838
52,17,231.31793068809642,1991
195,17,270.8389349628983,2291
70,17,220.88005780346822,2076
128,17,271.7549019607843,306
11,17,225.73578595317727,1196
34,17,280.93590733590736,1295
153,17,284.5957284515637,1311
152,17,282.0359219979473,2923
150,17,245.16322701688554,1066
184,17,288.6125654450262,191
73,17,230.14609286523216,883
204,17,314.2368421052632,228
202,17,310.34599156118145,711
217,17,293.8036809815951,1793
58,17,303.18650793650795,252
172,17,311.9323308270677,665
57,17,299.20118343195264,169
240,17,296.8356713426854,499
46,17,338.9624060150376,133
194,17,401.8076923076923,156
59,17,273.07272727272726,110
12,17,312.3068181818182,176
154,17,327.43589743589746,117
114,18,231.4301575006455,7746
233,18,296.8380255018306,7921
138,18,369.7443144069096,19567
132,18,325.38248638838473,13224
229,18,271.69437531110003,8036
66,18,324.545902215969,5686
80,18,234.56739851927495,7834
39,18,265.3443593817709,6923
226,18,247.60801998057445,7207
170,18,293.3576545060803,12006
68,18,282.0521714805231,14299
161,18,289.476712800781,17413
61,18,291.2772716229349,16464
164,18,276.5784178187404,13020
238,18,269.6201307932897,7034
85,18,284.2255380200861,3485
4,18,281.1513344690517,3522
148,18,254.62773863526687,10361
33,18,296.4794816414687,6482
209,18,317.50167000668,2994
216,18,206.82301516503122,5605
64,18,326.72046589018305,601
129,18,277.7456890877978,7597
204,18,324.44554455445547,202
92,18,270.7960709318498,5752
35,18,280.4761832753667,6613
75,18,299.1496202531646,7900
52,18,246.07705627705627,2310
11,18,233.50384944396922,1169
107,18,247.7829745596869,10220
261,18,348.48498942917547,4730
160,18,263.99062792877226,2134
67,18,230.5875,1760
198,18,253.49181053563524,6777
76,18,251.03936801675977,11456
95,18,282.11388648448127,8087
197,18,237.9952606635071,3798
163,18,257.64399494311,11865
214,18,277.69820359281437,835
206,18,273.0396559961777,2093
112,18,222.20298784604998,11848
37,18,255.0681993651883,11657
175,18,257.44444444444446,711
159,18,267.93714715844936,5314
223,18,221.3907749077491,5420
36,18,245.42572090628218,7768
179,18,232.528663948189,4169
202,18,315.1827468785471,881
82,18,275.5932116225251,7778
131,18,241.98306148055207,1594
100,18,310.07173725151256,6942
172,18,305.84698608964453,647
186,18,250.3503691084611,7044
91,18,254.31437632135305,4730
182,18,232.27489019033675,2732
51,18,273.73071895424835,4590
133,18,235.06447368421053,2280
86,18,335.8646048109966,1455
157,18,261.44866330879506,2581
72,18,287.1804733727811,4732
126,18,291.7799070847851,3444
144,18,274.1639133445445,10109
263,18,277.785017264675,6661
224,18,295.95781032078105,2868
47,18,258.35216049382717,3240
90,18,240.46142965944946,9191
166,18,274.99953653638187,6473
123,18,240.71977559607294,3565
130,18,264.16480175139867,8222
17,18,295.0226716839135,10630
7,18,216.10290993071592,10825
70,18,243.65094775774386,2163
16,18,245.25671059053198,2049
26,18,283.01395197923426,6164
71,18,275.24240282685514,4245
258,18,240.4253172795314,3073
32,18,240.94644464446444,2222
119,18,268.84474597664877,3169
121,18,236.84299732381803,2242
151,18,287.82380702674357,3814
87,18,315.065813769454,7582
153,18,274.7241641337386,1316
78,18,252.14913693901036,4345
225,18,273.46586082979417,9183
139,18,253.18484419263456,1412
180,18,232.75518893028206,1879
45,18,297.802693847834,2747
152,18,294.4082142857143,2800
171,18,240.17970401691332,1892
50,18,269.42490392006147,6505
3,18,247.75982946470867,2111
108,18,230.00497512437812,1407
116,18,289.32803700724054,4972
28,18,243.36954662104364,2338
247,18,300.5678905438171,5774
43,18,254.3884892086331,1390
243,18,288.79584329593524,5437
34,18,315.60762032085563,1496
195,18,276.7733276523221,2347
77,18,254.4875672043011,2976
222,18,283.0292812777285,1127
165,18,240.8512988951926,3349
241,18,272.5728323699422,3460
118,18,327.5431506849315,1460
174,18,240.98079838302172,3958
56,18,267.19461444308445,2451
122,18,239.71806167400882,908
18,18,269.01881128677206,4997
210,18,240.365022172949,3608
62,18,290.921667430142,4366
184,18,287.2281879194631,149
60,18,265.8302375809935,2315
63,18,236.38190133943155,3061
101,18,277.3687707641196,602
259,18,281.02509736045005,2311
235,18,286.6957430138417,3829
201,18,352.52320675105483,474
124,18,267.14417379855166,1519
73,18,241.93728222996515,861
173,18,306.80209324452903,2102
135,18,247.49307479224376,1805
147,18,252.8459357277883,2116
8,18,263.25,24
252,18,293.7958236658933,1293
109,18,317.69589552238807,536
217,18,318.2117021276596,1880
156,18,274.4222378606615,1421
96,18,278.45283018867923,106
150,18,238.50046168051708,1083
57,18,285.35555555555555,180
128,18,259.74007220216606,277
30,18,402.98387096774195,62
240,18,277.45219638242895,387
58,18,295.0428015564202,257
115,18,313.60633484162895,663
154,18,403.2631578947368,95
59,18,303.8686868686869,99
12,18,353.95402298850576,87
110,17,394.0,3
194,18,413.78504672897196,107
46,18,347.527950310559,161
237,19,235.16794569067295,10164
239,19,230.31170995971664,7199
249,19,204.64849252195933,12637
79,19,210.39363840605415,16914
113,19,220.52737847031713,9113
203,19,281.8840349483717,1259
191,19,243.92365998917163,1847
38,19,246.90828025477708,785
246,19,251.70893677145884,14155
98,19,243.3192261185006,827
215,19,235.31961722488037,2090
41,19,269.2775080906149,7416
97,19,251.24286917799975,8309
256,19,214.38888340408727,10129
189,19,238.9617121539368,5093
231,19,241.45188095851586,15524
230,19,253.3022141440846,12104
141,19,260.03282223287016,8348
176,19,327.76045627376425,263
140,19,284.59092061881813,7886
48,19,224.13942103022563,9396
188,19,264.0570175438597,7980
74,19,287.36079234972675,7320
146,19,218.41995268138803,2536
181,19,206.8908159894285,12108
234,19,228.86888088568762,14994
40,19,214.4350433044637,3002
262,19,280.7886890676763,4226
143,19,238.75543922787503,6113
158,19,209.45931558935362,7890
125,19,232.36899063475548,4805
137,19,283.0745899505337,7682
13,19,308.08993500790444,5693
211,19,222.81186600613353,8478
142,19,218.85010035122932,7972
145,19,227.8778675282714,9285
162,19,247.49210183980674,10762
106,19,216.65262321144675,2516
42,19,279.36059081665417,9343
236,19,247.79095856936576,9003
55,19,243.14202769093345,2239
196,19,248.14428044280442,2710
65,19,288.529392971246,6260
14,19,221.4901322092355,5219
168,19,273.75237302248127,6005
10,19,222.39798257679962,2181
134,19,230.4868686868687,1980
6,19,276.34889434889436,407
228,19,255.53250827958863,5737
244,19,257.1406712734452,8104
250,19,239.75649663137634,2078
190,19,260.18544194107454,577
25,19,255.21837513631408,7336
54,19,218.1263001485884,673
69,19,261.2304409672831,4921
248,19,237.8081650570676,2278
169,19,252.01253394610404,4787
232,19,292.80407371483994,5155
89,19,248.3174077578051,8456
255,19,199.91565979625682,12663
185,19,248.05777484318256,3029
242,19,259.65254923118425,3707
155,19,289.34980106100795,3016
177,19,257.2866073575379,4159
193,19,239.17001675041877,1194
53,19,273.17110266159693,1052
22,19,246.93161875945538,3305
21,19,237.57903161264505,2499
260,19,239.41912293314164,4173
127,19,237.3360507246377,3312
88,19,282.58311640014875,2689
49,19,243.6329006429698,8243
20,19,244.0124873439082,2963
83,19,254.95452024403772,1803
212,19,236.60607255520506,2536
102,19,240.74154701250578,2159
227,19,253.99604221635883,2274
29,19,233.33209129017234,2147
117,19,313.1165444172779,1227
24,19,255.40777338603425,1518
254,19,246.46858216970998,3724
81,19,257.9984886649874,1985
149,19,234.49400958466452,2504
44,19,357.8866855524079,353
167,19,253.13685474189677,3332
84,19,315.89398280802294,349
111,19,194.5,26
94,19,253.0287640449438,2225
257,19,226.16791979949875,1596
219,19,251.62048780487805,1025
200,19,279.6862483311081,1498
187,19,284.1174551386623,613
192,19,232.08105802047783,1172
213,19,260.7383512544803,4464
205,19,256.86290322580646,2976
208,19,248.8476898981989,2554
136,19,250.58614088820826,2612
220,19,241.80318678076128,3389
9,19,232.78254211332313,653
183,19,261.7814070351759,1194
251,19,277.2621951219512,656
218,19,228.2476951444376,1627
31,19,263.02978723404254,235
221,19,270.64305427782887,1087
23,19,308.1442786069652,1206
245,19,303.49387755102043,490
15,19,297.08317580340264,529
5,19,351.4,215
19,19,264.73493975903614,498
178,19,237.94935543278083,1086
27,19,529.2,20
93,19,293.9594594594595,222
120,19,260.6931818181818,88
207,19,255.3684210526316,38
237,20,212.046397501673,8966
239,20,207.74621634538792,6277
262,20,237.88071216617212,3370
79,20,189.10198741858264,17963
231,20,209.70080899492663,14586
140,20,242.175704989154,5993
246,20,238.36754176610978,13827
38,20,246.4103299856528,697
142,20,202.59011627906978,7224
236,20,223.6248810333107,7355
234,20,205.95686944634312,14630
49,20,217.3224873463485,6915
97,20,229.69554582904223,7768
162,20,257.67631321124423,13269
24,20,232.89016172506737,1484
255,20,179.72382656796552,12293
230,20,271.00985926093176,13287
189,20,216.04461538461538,4550
84,20,331.1432926829268,328
14,20,216.66417910447763,4422
227,20,241.1364494806421,2118
228,20,241.95224471830986,4544
256,20,192.12219730941703,9812
145,20,211.6860465116279,8170
158,20,193.35026269702277,7423
40,20,204.1808383233533,2505
188,20,242.27681707646582,7402
141,20,215.20069555136936,6901
211,20,196.39041835357625,7410
42,20,258.1113477694947,8451
249,20,192.24501083788027,13379
125,20,201.0393897996357,4392
146,20,203.26873265494913,2162
22,20,239.87974904147788,2869
137,20,239.5129621107532,6519
65,20,256.39274592416194,5459
83,20,248.43817527010805,1666
178,20,231.74261083743843,812
41,20,243.82688514641177,6591
48,20,211.28327608415628,9316
113,20,205.3840618623134,9311
25,20,231.27052912545142,6369
213,20,266.67952662721893,4225
203,20,299.859375,1152
181,20,205.2890038809832,11595
260,20,222.27134724857686,3689
244,20,235.3867937189639,7451
134,20,230.04689564068693,1514
177,20,247.32796523517382,3912
196,20,233.0901999024866,2051
257,20,212.84857801691007,1301
55,20,249.53868332532437,2081
106,20,216.28651928912006,2307
250,20,236.57963875205255,1827
74,20,266.78076295086834,6737
191,20,252.0789946140036,1671
89,20,230.83508914100486,7404
102,20,241.00874035989716,1945
136,20,240.30859538784068,2385
242,20,247.95511968085106,3008
143,20,214.77629733520337,4278
232,20,263.525627278576,4663
94,20,243.955223880597,2077
168,20,256.2727927927928,5550
20,20,229.26652452025587,2814
167,20,243.59485094850947,2952
54,20,197.8125,656
220,20,238.20188108834398,2977
88,20,240.81988617341815,2987
248,20,236.97683397683397,2072
13,20,266.38792438271605,5184
254,20,237.65900954653938,3352
245,20,302.1875,496
127,20,223.67883211678833,3014
193,20,231.06752730883812,1007
212,20,231.61293179805136,2258
69,20,258.4457805454155,4657
149,20,220.19659367396594,2055
215,20,239.97748489840748,1821
218,20,245.1984240687679,1396
81,20,249.26957001102537,1814
29,20,224.18454164170163,1669
187,20,310.8003913894325,511
205,20,255.6486915146709,2522
98,20,253.59113924050632,790
10,20,230.09751142712037,1969
251,20,287.4950495049505,505
185,20,246.05183752417796,2585
208,20,260.6916108704214,2539
200,20,296.246875,1280
169,20,243.51630963972735,4108
155,20,294.7019194580354,2657
221,20,281.8954635108481,1014
23,20,342.2275590551181,1270
31,20,246.16267942583733,209
192,20,237.68202348690153,1107
21,20,231.85149023638232,1946
183,20,258.58251473477407,1018
44,20,349.42231075697214,251
53,20,280.7953216374269,1026
6,20,283.89677419354837,310
93,20,282.4453781512605,238
15,20,317.8836291913215,507
219,20,268.14317425083243,901
5,20,356.3248730964467,197
176,20,359.706976744186,215
120,20,248.76543209876544,81
9,20,248.42142857142858,560
19,20,278.2930648769575,447
117,20,325.0246913580247,1053
207,20,287.03846153846155,52
190,20,225.3016393442623,610
27,20,535.7333333333333,15
249,21,218.40797546012269,15322
127,21,214.2559503276992,2899
41,21,235.7637354085603,6425
89,21,232.94868238557558,6489
141,21,203.83474103585658,6275
211,21,204.69263769720453,7226
113,21,223.38207079060535,9069
260,21,219.97626201923077,3328
145,21,199.78650527942312,7766
162,21,267.9983948635634,11214
255,21,187.1738818464482,12543
256,21,194.20422601641354,10601
49,21,207.86481346013167,6835
84,21,370.0791366906475,278
189,21,209.82294736842104,4750
79,21,190.86516633089283,20351
98,21,276.06508875739644,676
262,21,220.5510344827586,2900
143,21,216.04741379310346,3712
140,21,220.99592711682743,4665
218,21,252.5682001614205,1239
88,21,234.87132593076421,3062
137,21,219.49261959807933,5623
246,21,263.80769882991353,11794
14,21,220.55841632256497,4117
228,21,232.5100600992945,3827
236,21,212.03007962253022,6782
13,21,257.5331862162621,5891
181,21,209.18921427968604,11849
40,21,213.1014492753623,2622
237,21,213.6160916795989,8377
234,21,236.13545686441233,15289
239,21,216.50178890876566,6708
230,21,351.0720979704479,17393
220,21,239.23700305810397,2616
205,21,267.4223042230422,2439
97,21,223.8472865455409,8421
25,21,223.25472139847042,6407
242,21,255.10800157666534,2537
42,21,248.14815769131667,7762
168,21,250.5902540766022,5274
158,21,223.46215904725318,7809
74,21,251.25261410788383,6025
183,21,271.5183867141163,843
54,21,217.81614906832297,805
177,21,243.0682326621924,3576
213,21,266.5535262714246,3559
106,21,221.44048903272204,2781
125,21,211.23035160289555,3868
231,21,205.19747656813266,13870
257,21,211.8669910786699,1233
23,21,346.2017448200654,917
22,21,249.8557968045883,2441
232,21,252.31286486486488,4625
134,21,233.56356275303645,1235
102,21,253.73249452954047,1828
167,21,245.31074681238616,2745
244,21,219.5991946724485,6457
48,21,246.23255146002873,10445
248,21,237.72478793590952,2122
212,21,235.19397180359746,2057
200,21,299.00969162995597,1135
188,21,230.81757283065897,6419
215,21,257.2758807588076,1845
53,21,295.8220486111111,1152
142,21,239.38388734995382,8664
93,21,298.4542253521127,284
69,21,249.75579527197613,4357
83,21,249.84601339014,1643
251,21,289.42699115044246,452
21,21,242.49868351764087,1899
196,21,235.32651869158877,1712
146,21,202.43610842207164,2066
15,21,319.4881516587678,422
65,21,230.84129363889483,4669
207,21,231.97727272727272,44
208,21,278.2,2380
117,21,355.22709163346616,1004
185,21,254.37865826204413,2221
55,21,258.27119595732734,1781
254,21,248.2523992322457,3126
250,21,247.60791757049893,1844
203,21,310.05257623554155,951
10,21,251.22821576763485,1928
24,21,228.79243937232525,1402
187,21,331.8165938864629,458
191,21,262.8234908136483,1524
9,21,250.2029598308668,473
169,21,239.6649442480283,3677
94,21,241.01029810298104,1845
38,21,266.37417218543044,604
227,21,240.41645760160563,1993
193,21,228.87126137841352,769
178,21,233.13014608233732,753
149,21,237.3413516609393,1746
155,21,302.71637816245004,2253
192,21,241.7145945945946,925
136,21,231.02955195424212,2098
20,21,226.91257838436002,2711
245,21,304.9570707070707,396
19,21,288.685,400
31,21,243.45333333333335,150
219,21,287.41640378548897,951
81,21,273.78894173602856,1682
29,21,239.9546485260771,1323
221,21,300.53545734840696,973
5,21,405.008064516129,124
44,21,361.133064516129,248
190,21,258.64094955489617,674
27,21,525.7407407407408,27
176,21,375.4010152284264,197
6,21,293.6777408637874,301
70,22,261.0499108734403,1683
90,22,266.4086421519531,6989
148,22,255.17135928072872,16906
166,22,238.59072144682523,5087
75,22,245.86601941747574,5665
45,22,277.60603290676414,3282
144,22,270.2916178194607,10236
112,22,221.70011072310706,11741
138,22,461.74140592836557,19432
50,22,280.4732107157137,5002
16,22,265.07523739956173,1369
7,22,209.77646789515853,8737
51,22,339.7486613119143,2988
60,22,271.5247108307045,1902
229,22,226.39286882564605,6114
87,22,241.14664918892348,6103
157,22,263.6372501218918,2051
52,22,236.32719621251974,1901
107,22,248.12957509465713,9508
36,22,213.92888489926193,10026
71,22,264.3917775090689,3308
72,22,289.40517464424323,3865
116,22,239.56443176414646,4206
238,22,233.58505719153078,4109
170,22,275.2655625356939,8755
263,22,206.62141319942612,5576
100,22,315.7056974459725,5090
216,22,238.52295918367346,3920
223,22,234.9090909090909,4048
163,22,298.9948006932409,9232
233,22,250.67890729959694,4466
37,22,219.66572943444731,12448
186,22,306.38308619846833,6137
161,22,321.53095548789327,13794
164,22,290.28200483091786,11592
204,22,434.75,96
95,22,288.76641692375495,4538
206,22,333.3325490196078,1275
4,22,255.40773100344188,3777
261,22,251.64993954050786,3308
82,22,252.19499735775938,5677
226,22,234.32711525649566,4503
91,22,290.59859154929575,3266
198,22,235.20817057291666,6144
85,22,302.61885374256184,3193
61,22,247.73702249196717,14005
76,22,301.75384257102934,8588
35,22,294.89612216194496,4977
175,22,325.3857566765579,337
195,22,302.12818745692624,1451
17,22,230.73645990922844,9915
129,22,250.69047188573495,5531
33,22,249.42407324698527,4478
133,22,236.0303848750844,1481
68,22,289.76854198344313,11838
67,22,253.29559118236472,998
130,22,273.2465130857232,6381
197,22,254.9774083546462,2346
252,22,324.7326968973747,838
39,22,298.7247393364929,5275
62,22,257.4211154190277,3353
114,22,278.18691504679623,11112
80,22,222.81135962330782,10194
182,22,254.50742166025287,1819
209,22,256.67462456680784,2597
180,22,270.53782771535583,1335
124,22,334.5195586760281,997
179,22,223.74259771022503,2533
173,22,280.30983118172793,2014
11,22,259.819774718398,799
165,22,269.8378378378378,1850
56,22,272.4288202002612,2297
132,22,422.58741101956167,17841
92,22,264.8268192614986,4631
225,22,239.29581956942704,8779
241,22,264.69547182855166,2893
247,22,268.22473275024294,4116
86,22,379.6145833333333,1248
66,22,257.34755796743957,4054
174,22,244.0346602608099,2914
77,22,288.0891891891892,2220
258,22,259.61965811965814,2106
32,22,258.5915789473684,1900
26,22,275.47062765244584,4477
122,22,287.6480362537764,662
18,22,244.4542232722977,3386
159,22,259.145156654211,3479
224,22,268.9325842696629,1958
243,22,235.91616349280073,4306
153,22,248.0023121387283,865
78,22,253.96424349881798,3384
115,22,367.4348591549296,568
126,22,274.765379719983,2357
128,22,210.83076923076922,260
119,22,256.62339095255606,2719
131,22,276.75985663082434,837
171,22,263.11574074074076,1512
235,22,281.62452107279694,3393
63,22,257.6735957540911,2261
184,22,277.8014184397163,141
28,22,271.63232323232324,1485
151,22,235.79885057471265,2436
121,22,274.66032210834555,1366
43,22,261.04027777777776,720
139,22,319.703007518797,1064
101,22,338.2,390
47,22,246.18072289156626,2407
34,22,238.98160315374508,761
152,22,248.3147465437788,2170
210,22,269.38851526125194,1933
150,22,266.29086809470124,887
259,22,301.17543859649123,1767
147,22,262.56670533642693,1724
194,22,457.55238095238093,105
240,22,274.984,375
108,22,270.216814159292,904
135,22,269.9446721311475,976
3,22,298.34255599472993,1518
64,22,367.84565916398714,311
202,22,333.928338762215,614
160,22,276.9141061452514,1432
12,22,219.5909090909091,22
109,22,432.515625,384
73,22,274.46015037593986,665
57,22,283.99319727891157,147
59,22,263.09574468085106,94
201,22,381.1483679525223,337
217,22,266.83174603174604,1890
156,22,332.1920199501247,802
172,22,417.9045092838196,377
222,22,335.73382173382174,819
58,22,346.5141242937853,177
214,22,364.6,490
96,22,282.61538461538464,78
123,22,252.74779449922158,1927
118,22,413.9496062992126,635
154,22,408.6625,80
120,21,216.90666666666667,75
46,22,445.8314606741573,178
8,22,232.36111111111111,36
99,22,394.17241379310343,29
30,22,455.2564102564103,39
211,23,297.58668216539354,6022
237,23,224.4318818912353,5351
256,23,288.8889297197979,10885
141,23,217.39566630552545,4615
48,23,281.0351343070167,9791
239,23,258.4132869833913,5178
246,23,304.81452610739916,8082
98,23,315.008064516129,496
254,23,284.80463144161774,3066
191,23,306.81564245810057,1432
162,23,224.80568934376882,6644
97,23,276.01619901648826,6914
249,23,337.3792687255946,14085
234,23,308.8028266712911,11533
69,23,276.8440791163627,3893
74,23,281.5245276764998,6034
236,23,231.05140562248997,3735
143,23,264.5570469798658,2831
158,23,327.59307856322783,6097
79,23,292.3208363007427,19658
88,23,289.11122733612274,2868
84,23,474.2544642857143,224
22,23,270.9246200607903,1645
13,23,270.84249512670567,2565
251,23,378.4353562005277,379
23,23,398.58947368421053,760
231,23,271.82554970016355,11006
255,23,306.21960059171596,13520
142,23,258.8152610441767,6225
137,23,279.15573921028465,5445
181,23,249.7787784679089,9660
25,23,285.51810401579985,6076
189,23,262.0125319099559,4309
42,23,270.47242470086644,7271
227,23,256.8034934497817,1603
145,23,249.12938711367207,7636
102,23,287.253486464315,1219
94,23,254.73527549081697,1579
125,23,301.33538127936396,2767
232,23,335.2910101946247,4316
260,23,240.51768377253813,2884
146,23,228.41604127579737,2132
213,23,309.5724807499163,2987
24,23,250.66518254674978,1123
140,23,226.5890899821565,3923
113,23,322.1023890784983,6446
40,23,272.29390354868065,2198
89,23,256.9726073723368,5914
49,23,262.58328154133,6436
14,23,257.24991746450974,3029
168,23,277.7006356366619,4877
41,23,266.0856973995272,5076
20,23,252.5323331608898,1933
208,23,359.14161717679303,2189
192,23,266.68301886792455,795
83,23,261.4784226190476,1344
262,23,236.8482549317147,1977
212,23,268.78010471204186,1910
244,23,262.4811683320523,6505
187,23,378.3474025974026,308
136,23,274.1133796698523,2302
65,23,295.36669156086634,4017
167,23,274.373877245509,2672
228,23,246.81706190329535,3247
111,23,265.0,20
230,23,314.8635695623775,12248
196,23,273.75184275184273,1221
200,23,336.2196209587514,897
257,23,255.26862925482982,1087
10,23,294.5274904735983,1837
81,23,301.0791450028885,1731
219,23,317.83441860465115,1075
203,23,336.8281430219146,867
188,23,247.39205834683955,6170
205,23,315.1156985117619,2083
220,23,273.7248322147651,2235
106,23,267.24475823705603,2337
93,23,332.9737991266376,229
169,23,256.6263767297374,3541
242,23,318.073046018992,2738
177,23,275.4864643150123,3657
221,23,360.64333781965007,743
215,23,295.89073305670814,1446
127,23,239.40501043841337,2874
155,23,350.7378716744914,1278
134,23,285.32772435897436,1248
193,23,235.88269454123113,861
250,23,305.0471637985978,1569
117,23,401.2378752886836,866
218,23,301.9266304347826,1104
19,23,314.1164658634538,498
55,23,303.5509533201841,1521
248,23,273.2227668845316,1836
38,23,319.281425891182,533
21,23,275.8009708737864,1442
15,23,352.18772563176896,277
185,23,293.00650255457504,2153
54,23,272.6611418047882,543
183,23,325.76487252124645,706
29,23,306.8052434456929,1068
178,23,276.3434959349593,492
53,23,317.5685884691849,1006
176,23,462.06299212598424,127
5,23,478.44444444444446,90
245,23,358.6933333333333,450
44,23,446.79881656804736,169
9,23,283.97625329815304,379
149,23,276.6185216652506,1177
31,23,264.6164383561644,146
6,23,364.37307692307695,260
190,23,263.171686746988,332
207,23,276.54545454545456,66
163,0,232.6531038080334,5751
229,0,213.3282004830918,3312
148,0,344.3450070042025,14991
166,0,226.65719360568383,2815
263,0,196.44690407443053,3117
114,0,334.25822276730963,8969
35,0,277.35808530223994,3259
72,0,266.82528301886794,2650
132,0,412.1124732980403,10767
161,0,251.38983943142932,7598
7,0,202.45086247824023,6319
179,0,227.03423848878396,1694
92,0,257.5164872139973,2972
95,0,297.62368421052633,2660
129,0,246.23483596884589,4237
233,0,241.63208333333333,2400
164,0,296.84022460439,7836
17,0,235.2619696969697,6600
224,0,338.9863387978142,1098
107,0,281.63857868020307,5910
144,0,327.04858957317975,6771
80,0,246.6607162656614,9019
209,0,318.766649187205,1907
150,0,313.3063829787234,705
108,0,300.9263322884012,638
36,0,216.08660198183318,9688
225,0,231.08704646721833,6284
4,0,341.1219512195122,2952
258,0,279.7402390438247,1255
198,0,237.9049738726534,5167
223,0,234.675,2680
90,0,294.1163036582787,4729
112,0,278.2935042090715,7959
87,0,294.7345205479452,3650
75,0,236.49483204134367,3096
170,0,249.9657660991858,5404
76,0,298.2070849820991,5307
186,0,287.6298299845441,3882
235,0,278.15491651205934,2156
126,0,261.8335170893054,1814
66,0,271.3441483198146,1726
210,0,310.1005723630417,1223
61,0,239.46295745313896,10083
39,0,273.89612015018776,3196
68,0,280.8238357387294,6721
174,0,253.57834898665348,2023
78,0,262.3880764904387,2667
62,0,224.2020725388601,2316
85,0,235.44367015098723,1722
77,0,267.0957254665864,1661
37,0,224.928188833409,11015
18,0,251.09434801958167,2247
71,0,254.61683599419447,2067
222,0,322.16346153846155,416
50,0,244.4734947643979,3056
247,0,270.01856,3125
147,0,256.22518159806293,1239
121,0,280.4066225165563,755
160,0,280.9226804123711,776
11,0,264.609375,448
33,0,253.8885,2000
86,0,361.56241426611797,729
261,0,290.1063321385902,1674
73,0,284.2005208333333,384
116,0,262.95992658305295,3269
133,0,241.78988764044945,890
52,0,240.1752808988764,890
195,0,310.89285714285717,756
202,0,329.9656357388316,291
100,0,287.24284351145036,4192
151,0,222.2237479806139,1238
101,0,375.213768115942,276
82,0,251.22273190621814,3924
241,0,261.2712456344587,1718
206,0,376.29644268774706,759
216,0,274.5775693630324,2559
197,0,270.37785388127855,1752
45,0,332.0153042179918,2679
138,0,415.1547359597653,5965
130,0,283.0138057984353,4346
56,0,265.2929120409906,1171
131,0,299.043893129771,524
238,0,212.72813593203398,2001
226,0,236.6373092926491,2884
139,0,303.5419254658385,644
26,0,278.9257228315055,2006
171,0,273.71590909090907,792
135,0,302.75418060200667,598
122,0,283.0397877984085,377
243,0,240.40931134820562,3093
51,0,313.79015334947536,1239
3,0,275.221187427241,859
252,0,329.4921465968586,382
152,0,248.11933007676203,1433
214,0,391.0938775510204,245
180,0,297.83867141162517,843
157,0,321.1619684663163,2093
159,0,254.60029940119762,2672
34,0,245.70489038785834,593
70,0,271.0969827586207,928
240,0,263.94007490636704,267
47,0,255.01128668171557,1772
91,0,277.2675070028011,2142
259,0,293.00597269624575,1172
28,0,280.7765726681128,922
60,0,267.8399390243902,1312
173,0,273.3706835799859,1419
119,0,249.1990291262136,1854
123,0,274.6669542709232,1159
165,0,254.7367256637168,904
32,0,255.6921658986175,1085
63,0,266.26854395604397,1456
153,0,266.77358490566036,424
58,0,369.295652173913,115
67,0,259.10233393177737,557
172,0,419.5935828877005,187
128,0,237.8716216216216,148
182,0,262.3309929789368,997
43,0,228.89743589743588,273
30,0,480.8,30
201,0,380.14285714285717,329
118,0,420.7409836065574,305
217,0,267.4668989547038,861
16,0,260.3712296983759,862
64,0,392.8817204301075,186
115,0,357.54014598540147,274
109,0,459.6969696969697,264
156,0,376.95714285714286,420
124,0,375.44071146245057,506
57,0,307.248,125
99,0,448.6666666666667,18
175,0,312.1381578947368,152
204,0,457.1320754716981,53
184,0,275.2857142857143,105
46,0,508.57142857142856,77
59,0,290.2,50
194,0,461.80392156862746,51
96,0,261.4130434782609,46
8,0,319.6666666666667,6
113,1,334.7127217818045,2649
79,1,334.17433516251583,14214
211,1,318.8607986501687,3556
189,1,214.91375661375662,1890
230,1,232.5318755774561,6494
48,1,206.69777260154316,6869
162,1,191.67904723455794,2477
246,1,257.0635011441648,3496
158,1,353.4824712643678,3480
249,1,348.6453232125367,8168
256,1,291.73000273000275,7326
125,1,308.0815286624204,1570
242,1,279.49611197511666,1286
145,1,228.5397210430564,3298
234,1,302.84060757546627,5201
193,1,248.83333333333334,300
245,1,398.55172413793105,290
251,1,335.8636363636364,198
231,1,278.7179872324446,5326
177,1,247.92476332835076,2007
65,1,244.52505147563485,1457
14,1,245.1681701030928,1552
117,1,358.2345360824742,388
41,1,231.19331453886429,2483
181,1,206.80536039552433,3843
127,1,234.3988318731748,2397
69,1,260.05898268398266,1848
143,1,216.2196679438059,783
49,1,216.2473233404711,2802
191,1,294.5976821192053,604
38,1,293.2996108949416,257
236,1,200.86149003147955,953
141,1,198.07537154989384,1884
54,1,226.79041916167665,167
97,1,229.48534874122987,2423
188,1,226.5950704225352,2840
42,1,247.88953952621773,3757
232,1,350.87160385626646,2282
196,1,259.0497925311203,482
29,1,280.629290617849,437
255,1,329.6499701848539,8385
254,1,273.37770034843203,1435
106,1,227.87686996547757,869
89,1,234.19681908548708,2515
239,1,205.5799214806506,1783
40,1,232.59571788413098,794
25,1,244.48038334830787,3339
262,1,219.13030303030303,660
205,1,296.8095733610822,961
10,1,285.8695652173913,736
237,1,197.2965154503616,1521
260,1,228.27638190954775,1791
74,1,233.21335877862595,2620
221,1,376.2334293948127,347
228,1,241.86444212721585,1918
227,1,260.277238403452,927
102,1,272.89830508474574,531
24,1,215.92203898050974,667
81,1,287.5407303370786,712
98,1,315.8019801980198,202
137,1,226.96817625458996,2451
140,1,202.67116357504216,1186
212,1,250.24426078971533,1089
146,1,210.50537634408602,1209
167,1,258.35535117056855,1196
169,1,252.57340153452685,1955
168,1,251.296974522293,2512
88,1,287.82510410469956,1681
142,1,202.36672629695886,1677
200,1,322.7418397626113,337
250,1,279.14716981132074,795
21,1,270.6851628468034,829
53,1,342.73127753303964,454
22,1,263.45454545454544,792
244,1,222.00720789074356,2636
208,1,304.78878960194965,1231
248,1,257.71661569826705,981
178,1,250.92056074766356,214
55,1,302.04881656804736,676
220,1,271.08958333333334,960
213,1,281.2926421404682,1196
185,1,271.94675324675325,770
20,1,244.68948891031823,1037
6,1,355.39694656488547,131
23,1,413.22346368715085,358
136,1,248.980044345898,902
13,1,244.06135629709365,929
203,1,349.2997542997543,407
190,1,219.08235294117648,85
257,1,228.87037037037038,378
15,1,376.3829787234043,94
9,1,291.59203980099505,201
219,1,293.58024691358025,405
94,1,247.2738359201774,902
215,1,282.206675224647,779
134,1,272.55079365079365,630
187,1,375.4206896551724,145
149,1,274.7011494252874,522
218,1,287.6222222222222,495
19,1,333.6623376623377,154
83,1,248.45668316831683,808
5,1,471.4791666666667,48
192,1,266.4744525547445,274
44,1,492.87919463087246,149
120,1,226.69230769230768,26
183,1,285.67352185089976,389
84,1,457.58878504672896,107
155,1,322.90316205533594,506
31,1,267.8192771084337,83
176,1,481.9,50
93,1,298.6268656716418,67
111,1,180.875,16
36,2,334.1274861878453,7240
109,2,466.203007518797,133
148,2,358.1970968045999,10609
76,2,288.1284615384615,2600
35,2,286.6674772036474,1645
85,2,252.35301507537687,796
90,2,274.2032245969254,2667
263,2,197.1663082437276,1395
225,2,254.63042150274893,3274
173,2,274.12883435582825,978
157,2,358.0462614308768,1859
166,2,218.1109022556391,1064
107,2,236.72321428571428,3248
112,2,315.76294343240653,4172
95,2,306.0582159624413,1065
144,2,329.86644407345574,4792
174,2,255.5968253968254,945
209,2,262.7816742081448,884
80,2,355.84745525727067,7152
68,2,267.58510344827585,3625
37,2,298.34184007328884,7641
164,2,261.01327713382506,4745
7,2,217.92210098959654,3941
50,2,233.88162828066416,1867
130,2,270.53706666666665,1875
61,2,248.06494661921707,4496
45,2,310.1203104786546,1546
161,2,213.30912951167727,2355
17,2,228.42084667378157,2811
114,2,374.9066124109868,4915
71,2,276.5609756097561,1148
198,2,274.7766791680873,2933
229,2,202.9311859443631,1366
70,2,280.5225409836066,488
116,2,239.44028776978416,1390
4,2,324.7248157248157,2035
216,2,298.35753575357535,1818
170,2,202.84300975383186,2153
77,2,276.31005917159763,845
258,2,283.2456140350877,798
223,2,239.64029749830968,1479
129,2,257.24192439862543,2910
224,2,289.06265060240963,415
186,2,242.63440320962889,1994
179,2,230.67881241565453,741
56,2,266.2405446293495,661
82,2,248.4797391709362,2147
75,2,237.23428143712576,1336
100,2,240.09751850239442,2297
156,2,410.8187134502924,171
226,2,248.77295597484277,1590
87,2,244.02649006622516,1208
235,2,282.9849557522124,1130
63,2,272.8149829738933,881
233,2,211.68609865470853,892
26,2,293.2863849765258,639
60,2,284.87971274685816,557
139,2,338.7832898172324,383
16,2,310.878842676311,553
92,2,294.19905462184875,1904
78,2,271.25738724727836,1286
51,2,347.5716911764706,544
101,2,426.3089430894309,123
43,2,209.12987012987014,77
163,2,194.17737430167597,2148
32,2,254.91860465116278,516
206,2,425.46994535519127,366
33,2,240.796875,576
39,2,303.9737313432836,1675
180,2,308.39772727272725,528
151,2,227.99386503067484,489
72,2,284.31371191135736,1444
62,2,244.58850574712645,870
57,2,277.1951219512195,82
182,2,287.98956158663884,479
52,2,236.65727699530515,213
18,2,265.19328493647913,1102
261,2,252.94086021505376,558
152,2,258.66559485530547,622
238,2,212.14654002713704,737
241,2,277.39002557544757,782
135,2,296.8904593639576,283
66,2,283.1985157699443,539
197,2,283.8173076923077,1352
138,2,375.35147392290247,441
259,2,333.687908496732,612
108,2,308.21108179419525,379
243,2,261.7131428571429,1750
91,2,305.68892645815725,1183
86,2,376.02830188679246,318
123,2,277.8612099644128,562
3,2,297.6391437308869,327
247,2,260.61858006042297,1324
132,2,336.44816414686824,1852
159,2,254.06876061120542,1178
47,2,270.16490765171505,758
214,2,393.8288288288288,111
119,2,267.16902834008096,988
115,2,400.97938144329896,97
67,2,280.75210084033614,238
210,2,297.9298531810767,613
126,2,280.3673218673219,814
122,2,330.27966101694915,236
202,2,346.4,125
118,2,420.7682926829268,82
11,2,275.5904761904762,210
121,2,297.3440594059406,404
28,2,263.71615720524017,458
217,2,268.09287925696594,323
147,2,271.5150501672241,598
172,2,428.01408450704224,71
150,2,289.3539094650206,243
252,2,327.63243243243244,185
222,2,311.2910798122066,213
64,2,381.9056603773585,53
171,2,311.5058365758755,514
201,2,430.7090909090909,110
160,2,302.5860465116279,430
165,2,260.52713178294573,387
124,2,383.1016260162602,246
195,2,315.0168918918919,296
133,2,232.73595505617976,356
131,2,309.13074204947,283
34,2,253.23157894736843,95
73,2,306.463503649635,274
30,2,407.05,20
59,2,311.14285714285717,21
153,2,263.45522388059703,134
154,2,494.1666666666667,6
175,2,356.1290322580645,93
240,2,278.97196261682245,107
46,2,460.9166666666667,24
184,2,329.9117647058824,34
99,2,495.6,5
204,2,394.35483870967744,31
12,2,184.57142857142858,7
128,2,236.28,75
27,1,558.7272727272727,11
249,3,296.36328125,4096
48,3,219.10275743214132,4642
125,3,262.6032350142721,1051
97,3,269.95652173913044,897
79,3,287.01783777268895,8297
231,3,235.1895030190432,2153
167,3,276.5386597938144,776
42,3,266.84646302250803,2488
234,3,289.5981473312748,2267
113,3,297.1845102505695,1317
212,3,299.8810888252149,698
181,3,258.5181932245922,1594
146,3,249.33136966126656,679
232,3,332.4828296703297,1456
228,3,466.6653288051868,3239
55,3,288.4698162729659,381
88,3,234.3825857519789,379
230,3,237.16796008869179,3608
236,3,227.39454094292805,403
260,3,292.7344665885111,1706
83,3,294.8748043818466,639
256,3,339.71118721461187,3504
25,3,295.930387409201,1652
246,3,258.7344564781388,2493
168,3,282.9650229357798,1744
189,3,253.0500736377025,679
255,3,384.5657666584097,4037
162,3,215.8,855
137,3,237.65332380271622,1399
49,3,249.40708661417324,1270
140,3,223.335843373494,664
208,3,360.4479166666667,864
254,3,324.35221674876846,812
211,3,255.02440775305098,1393
13,3,250.92640692640694,462
69,3,273.6951102588686,1043
239,3,229.46433566433566,715
41,3,247.68777614138438,1358
74,3,250.5263888888889,1440
102,3,323.5704697986577,298
220,3,294.2586956521739,460
127,3,345.2642059252064,2059
262,3,243.95488721804512,399
40,3,304.01255230125525,239
244,3,259.09183673469386,1568
203,3,380.5,426
158,3,322.79434628975264,1415
20,3,277.8228571428571,525
250,3,328.19594594594594,444
242,3,323.66376811594205,690
145,3,258.05882352941177,1768
136,3,291.9825581395349,688
14,3,321.87335359675785,987
21,3,272.1218637992832,558
177,3,291.3140703517588,1194
185,3,318.1002331002331,429
94,3,266.59792027729634,577
141,3,226.70164233576642,1096
245,3,436.6181818181818,110
84,3,429.3804347826087,92
257,3,275.20108695652175,184
65,3,267.63897763578274,626
169,3,278.75074404761904,1344
219,3,346.69450101832996,491
89,3,263.552207428171,1427
106,3,274.7193460490463,367
29,3,278.31553398058253,206
178,3,285.9252336448598,107
53,3,372.9201995012469,401
155,3,358.36842105263156,323
248,3,299.28100470957617,637
143,3,248.21063829787235,470
22,3,287.15011547344113,433
221,3,428.89861751152074,217
187,3,454.4347826086956,92
142,3,226.83038348082596,678
24,3,233.34516129032258,310
10,3,341.3521126760563,852
237,3,211.1688888888889,450
213,3,340.14666666666665,825
227,3,334.15026833631487,559
81,3,348.694,500
205,3,367.26129317980514,1129
188,3,273.62960725075527,1655
251,3,372.14074074074074,135
192,3,319.3298245614035,285
98,3,378.4623655913978,93
134,3,328.56613756613757,378
58,2,346.89473684210526,57
200,3,363.89772727272725,176
191,3,343.6427061310782,473
218,3,341.5295138888889,576
193,3,272.636,250
120,3,236.47058823529412,17
117,3,431.6008230452675,243
215,3,345.99313501144167,874
38,3,367.9913043478261,230
23,3,457.7950310559006,322
149,3,303.3492537313433,335
183,3,367.10333333333335,300
196,3,292.6022304832714,269
93,3,375.1020408163265,49
44,3,509.77966101694915,59
19,3,380.98275862068965,116
9,3,336.8370786516854,178
207,3,272.780487804878,41
176,3,372.7959183673469,49
5,3,435.46774193548384,62
54,3,297.9310344827586,58
6,3,376.57971014492756,69
15,3,439.43023255813955,86
141,4,252.82836275106513,1643
188,4,309.09438909281596,1907
125,4,275.88602150537633,930
231,4,252.30560578661846,2212
245,4,429.41726618705036,139
219,4,301.5773913043478,575
158,4,309.00220507166483,907
142,4,259.62546125461256,1084
242,4,308.3728362183755,751
249,4,295.154,2500
48,4,246.94302767227347,3686
255,4,340.8073141958317,2543
79,4,293.89660361135,4652
113,4,299.66489832007073,1131
145,4,284.7728765837635,2131
89,4,267.8481375358166,1745
55,4,306.9516129032258,620
213,4,336.3322395406071,1219
246,4,289.2303980699638,1658
137,4,270.3160340821069,1291
149,4,282.89346246973366,413
228,4,343.5083948959033,1489
42,4,298.84854844351173,2859
41,4,294.7098723975823,1489
140,4,263.5077399380805,969
83,4,323.1436403508772,912
25,4,295.13774319066147,1285
14,4,263.6301615798923,1114
185,4,294.41750841750843,594
169,4,274.4988452655889,1299
211,4,261.5054413542926,827
230,4,252.10944957047406,3143
146,4,274.00129032258064,775
49,4,301.02059496567506,1311
65,4,287.02420382165604,785
53,4,361.60636182902584,503
21,4,281.49415692821367,599
232,4,335.344057780696,1523
236,4,258.209219858156,846
127,4,340.2633212622866,1933
244,4,252.24582869855394,1798
168,4,289.5419023136247,1945
256,4,342.53636363636366,2640
239,4,246.6849574266793,1057
260,4,293.4681948424069,1745
120,4,330.5,16
189,4,299.63157894736844,722
106,4,269.55263157894734,266
97,4,302.6286307053942,964
143,4,256.92561105207227,941
81,4,338.04128440366975,654
162,4,229.13144058885385,951
94,4,281.15728715728716,693
102,4,346.19890510948903,548
193,4,287.46504559270517,329
181,4,263.34538411878634,1549
196,4,317.12331838565024,446
251,4,371.752,125
212,4,290.4756756756757,740
227,4,304.1948424068768,698
234,4,292.4454828660436,1605
215,4,331.60233918128654,1197
177,4,324.04845505617976,1424
88,4,258.82784810126583,395
248,4,283.5935162094763,802
54,4,273.47727272727275,88
136,4,296.6585695006748,741
262,4,263.6151079136691,834
22,4,271.3862275449102,668
250,4,305.85617597292725,591
74,4,290.89820675105483,1896
221,4,418.24313725490197,255
205,4,352.68951612903226,1240
10,4,296.438855160451,1153
84,4,436.921875,64
178,4,259.40909090909093,132
191,4,361.3447802197802,728
207,4,235.86363636363637,374
208,4,334.88388625592415,844
237,4,246.43307086614172,762
13,4,271.56779661016947,590
24,4,289.5449438202247,356
44,4,491.8205128205128,78
254,4,325.1323777403035,1186
167,4,281.52965235173826,978
203,4,374.94972067039106,537
69,4,290.5104501607717,1244
257,4,268.7142857142857,259
200,4,308.0394736842105,304
5,4,428.1333333333333,45
183,4,321.9741379310345,348
192,4,322.5490797546012,326
23,4,480.9767054908486,601
98,4,363.64,125
218,4,307.27180783817954,791
6,4,380.3228346456693,127
134,4,324.06416464891043,826
155,4,362.42065491183877,397
20,4,290.7911908646003,613
220,4,277.40850277264326,541
38,4,368.48405797101447,345
40,4,290.97222222222223,396
117,4,419.019801980198,303
187,4,417.2676056338028,142
190,4,291.2083333333333,48
176,4,416.0243902439024,41
29,4,276.4384615384615,260
15,4,388.1617647058824,136
19,4,376.1764705882353,153
31,4,269.86842105263156,38
27,4,557.6,5
93,4,312.9166666666667,36
9,4,357.0372670807453,161
114,5,239.19661733615223,946
129,5,245.58519586637829,4161
243,5,243.61814345991561,1896
216,5,244.5991253644315,3430
224,5,290.8281596452328,902
71,5,342.59253333333334,1875
36,5,297.0132596685083,2715
92,5,261.1294851794072,1923
61,5,354.4466216216216,4440
116,5,278.68979591836734,1960
90,5,224.91069723018148,2094
197,5,262.5605711653616,2171
91,5,323.8305699481865,1930
112,5,261.4859437751004,2739
80,5,294.1040787623066,2844
225,5,333.0321489001692,2955
107,5,246.37911364633612,2279
229,5,229.67161716171617,1818
148,5,238.26426656453467,2611
186,5,213.26253918495297,1276
7,5,214.51618198874297,4264
226,5,260.936195352501,2539
164,5,237.39115789473684,2375
247,5,272.1131625967838,1679
18,5,256.79840091376354,1751
68,5,229.06449012494963,2481
37,5,291.32901174168296,4088
160,5,296.7839029768468,907
101,5,369.2028985507246,207
263,5,260.4470426409904,2181
76,5,291.565555328288,4889
4,5,303.2711462450593,1265
159,5,283.2319551506657,1427
163,5,211.05192878338278,1348
119,5,264.58035714285717,1344
82,5,245.9725928597187,2773
233,5,228.33354390397977,1583
64,5,399.8643216080402,199
152,5,289.1301460823373,753
166,5,276.1471215351812,938
223,5,213.38084001887682,2119
157,5,341.8872549019608,2448
121,5,342.0676190476191,1050
77,5,316.48200757575756,1056
261,5,245.4923273657289,782
170,5,233.18371501272264,1965
50,5,250.60925449871465,1556
135,5,308.5575221238938,791
95,5,273.8306854289605,2203
132,5,264.6368809272919,4745
78,5,291.19089900110987,1802
252,5,339.0261569416499,497
56,5,247.75248683440608,1709
124,5,333.82197496522946,719
39,5,350.8720190779014,3774
87,5,228.89633080955156,1717
175,5,329.83976261127594,337
130,5,255.63632053105738,2109
100,5,211.16637931034484,1160
45,5,265.45106382978724,470
28,5,273.8299015219338,1117
165,5,226.83465608465607,756
198,5,298.6468885672938,2764
62,5,369.46985815602835,1128
173,5,278.4542483660131,1224
33,5,255.512173128945,1109
122,5,362.8924914675768,586
75,5,289.0702889176369,2319
222,5,323.3572710951526,557
35,5,361.20741435945564,2131
206,5,371.7671601615074,743
17,5,334.4236773633998,2306
126,5,288.87139845397047,1423
52,5,229.2780612244898,392
72,5,399.2858422939068,2232
51,5,353.19590163934424,1220
67,5,255.31379310344826,580
179,5,233.53305785123968,1452
11,5,261.031884057971,345
202,5,380.4392857142857,280
156,5,361.8369963369963,546
85,5,317.11204013377926,1196
259,5,343.84367034834327,1177
241,5,258.4935593220339,1475
235,5,288.9734558448188,1959
174,5,248.25088339222614,1415
210,5,272.4322132097335,863
70,5,231.6027397260274,1241
172,5,391.61805555555554,144
204,5,410.0945945945946,74
32,5,281.6605128205128,975
182,5,280.25828460038986,1026
151,5,279.37890625,1024
26,5,287.786369593709,763
133,5,237.88413547237076,561
47,5,290.275787965616,1396
3,5,313.16440422322773,663
147,5,272.73809523809524,840
131,5,313.83193277310926,595
118,5,381.02525252525254,198
238,5,256.02026635784597,1727
63,5,267.8319386331939,1434
258,5,273.8175765645806,1502
66,5,275.44266666666664,750
217,5,296.1188118811881,303
57,5,277.2463768115942,138
161,5,215.69594594594594,1036
144,5,233.43396226415095,1219
171,5,292.2365930599369,634
180,5,263.73248407643314,785
16,5,329.57915831663325,499
60,5,313.7632794457275,866
73,5,288.5,400
109,5,413.7178217821782,202
139,5,312.94117647058823,680
123,5,239.20840630472856,571
209,5,245.94642857142858,504
58,5,354.41818181818184,110
153,5,250.19921875,256
108,5,264.5655172413793,435
115,5,412.7337962962963,432
214,5,367.3127413127413,259
195,5,297.38532110091745,327
86,5,360.9645732689211,621
240,5,281.76335877862596,131
138,5,233.94759825327512,229
154,5,527.6363636363636,11
201,5,388.39130434782606,138
150,5,275.53508771929825,228
128,5,214.42857142857142,77
96,5,279.9428571428571,35
34,5,299.0083333333333,120
43,5,233.27564102564102,156
46,5,581.7948717948718,39
30,5,546.1764705882352,17
59,5,283.9,50
10,6,248.67079839591688,2743
74,6,312.43700458906966,4794
227,6,255.12491420727522,1457
228,6,231.10747051114024,2289
98,6,302.87981859410434,441
207,6,205.09722222222223,72
249,6,255.69181286549707,3420
232,6,346.5360902255639,2660
162,6,182.33296703296702,1820
134,6,234.88362573099414,1710
141,6,211.93789502610608,3639
145,6,239.64701636188644,4156
191,6,316.6442360728075,1813
234,6,222.87306701030928,3104
213,6,354.3755656108597,3978
55,6,250.47876447876448,1813
181,6,218.61401587736108,3653
48,6,204.30542563143123,4276
188,6,352.98705428117194,4403
49,6,331.31896915927337,2367
244,6,224.9495036685369,4634
65,6,279.3911227154047,1915
158,6,270.23853211009174,2289
89,6,259.58947568389056,5264
239,6,246.32861736334405,3110
97,6,304.5557246101179,2629
41,6,292.7214010282776,3112
140,6,208.0593577684074,3083
13,6,234.0730638090599,2053
236,6,233.4184816428127,3214
102,6,326.2012847965739,1868
255,6,242.80223880597015,2948
237,6,199.51133501259446,2382
231,6,231.05349500713265,4206
203,6,325.4952229299363,1256
256,6,287.8882945248584,3178
169,6,272.5490012484394,3204
79,6,271.64271501216007,4523
205,6,343.07315340909093,2816
218,6,279.47949002217297,1804
149,6,224.92520325203253,1230
219,6,276.05523255813955,1376
42,6,322.2406774141019,6141
185,6,290.861451460886,2122
14,6,214.73759713090257,3346
196,6,255.65495867768595,1452
137,6,234.61812627291243,2946
113,6,254.68273645546373,2178
246,6,226.28637719588997,3017
40,6,242.2488928255093,1129
189,6,302.5045170257123,1439
25,6,274.27809742999614,2607
262,6,263.4215148188803,2733
257,6,238.95130641330167,842
21,6,224.23618421052632,1520
83,6,243.89149057681325,1751
93,6,263.5466666666667,75
146,6,217.44957386363637,1408
94,6,270.10034602076126,1156
168,6,282.8966639544345,3687
69,6,280.5992898808014,3943
23,6,341.79205851619645,957
22,6,229.49927641099856,2073
215,6,287.54870229007633,3275
6,6,343.8703703703704,324
106,6,236.71691792294808,597
155,6,331.71401151631477,1563
183,6,290.8456937799043,836
208,6,340.31050041017227,2438
125,6,240.32984790874525,1052
193,6,243.85838150289018,1038
81,6,364.6765980498375,1846
248,6,310.83870967741933,1953
142,6,220.6449951721918,3107
53,6,297.74880153403643,1043
187,6,317.1597374179431,457
251,6,333.27529411764704,425
29,6,216.72164948453607,679
136,6,244.83449384038565,1867
192,6,235.17433414043583,826
167,6,292.1900420757363,2852
221,6,371.33187772925766,916
176,6,398.2560975609756,246
177,6,361.2615333554597,3013
143,6,243.8906297077433,3319
211,6,237.38070628768304,1161
242,6,276.8201754385965,2052
38,6,325.49934469200525,763
230,6,189.90740740740742,2754
254,6,354.6290143964563,3612
15,6,334.50566893424036,441
19,6,309.1575875486381,514
260,6,207.3611584327087,2935
88,6,241.43936731107206,569
212,6,315.5121145374449,1816
250,6,293.05778032036613,1748
220,6,244.8302564102564,1950
127,6,215.6434231378764,1893
190,6,287.2450980392157,102
24,6,272.79337016574584,905
117,6,392.77035490605425,958
20,6,271.13186813186815,1638
200,6,267.8317307692308,1248
84,6,363.5284974093264,193
245,6,372.84893617021277,470
54,6,248.7843137254902,255
9,6,292.1847575057737,433
44,6,457.96031746031747,126
5,6,397.75100401606426,249
194,5,466.77777777777777,18
178,6,221.18511796733213,551
31,6,326.1418918918919,148
27,6,530.0,9
74,7,316.6898030282728,7463
145,7,238.19362608856773,5397
89,7,318.8440444381944,7111
155,7,370.63094245204337,2398
189,7,303.7287712287712,2002
141,7,259.0440587449933,6741
98,7,323.1838905775076,658
237,7,231.6324565927454,5817
158,7,246.6932178932179,3465
25,7,281.4713282621416,3418
19,7,315.3738738738739,888
83,7,262.3978858350951,2365
65,7,285.8403970981291,2619
140,7,245.95216515609266,5958
42,7,333.89762975071517,9788
177,7,406.3991822131357,3913
185,7,325.45933333333335,3000
137,7,239.96866096866097,4914
79,7,277.3777050372795,5499
48,7,201.03897208985705,5876
49,7,335.51805516064826,3517
10,7,317.1247559123454,4609
219,7,324.8368473895582,1992
5,7,416.7631578947368,456
215,7,349.68587962962965,4320
260,7,226.9577610779995,3859
142,7,253.96918604651162,5160
205,7,393.8379848628193,4228
196,7,291.58986615678776,2092
97,7,301.392810964572,3867
188,7,383.7637833468068,6185
181,7,223.228370738393,5837
246,7,212.41213602117696,4911
176,7,350.94376528117357,409
113,7,231.4661197204497,3291
134,7,261.6307251908397,2096
146,7,234.2919708029197,1918
239,7,295.22570296282316,5299
232,7,365.00515463917526,3492
88,7,211.77227722772278,808
234,7,215.00924532358633,4651
191,7,357.47391749062393,2933
23,7,324.60869565217394,1219
187,7,362.01395939086296,788
245,7,427.31406044678056,761
249,7,235.00141409380154,4243
228,7,231.09479865771812,3576
262,7,327.5975113663556,4179
162,7,172.7226300670284,3133
143,7,291.19225634178906,5992
117,7,414.53764258555134,1315
213,7,403.89604948124503,5012
167,7,327.0974990230559,5118
256,7,311.49935979513447,3905
255,7,276.0074916759157,3604
29,7,232.55405405405406,1628
41,7,299.58988355167395,5496
40,7,260.74288964732654,1758
248,7,389.4931617055511,2486
231,7,222.729619755858,7127
218,7,332.99683042789223,2524
21,7,247.50401116149285,2867
20,7,327.35662063363117,2462
242,7,317.6283269961977,3156
94,7,313.8385909568875,1902
106,7,248.91491841491842,858
230,7,183.61456521739132,4600
136,7,303.9265263884098,2899
250,7,345.4295837023915,2258
221,7,382.9804941482445,1538
236,7,279.41610836003497,6866
244,7,271.23541193750833,7489
69,7,311.61622879946793,6014
102,7,376.3358876117497,2349
24,7,272.1694402420575,1322
125,7,227.50229095074457,1746
81,7,402.0704275961193,2783
55,7,310.9231262011531,3122
212,7,388.4803212851406,2490
14,7,231.91584244317195,5763
193,7,252.4216250799744,1563
169,7,335.6889861137531,5257
13,7,210.2227286539046,3291
22,7,254.43696634856855,3982
203,7,376.5245215311005,1672
251,7,373.1014492753623,552
220,7,291.38758666226477,3029
168,7,275.7859358841779,6769
227,7,248.7051393728223,2296
254,7,393.64314426083075,4478
31,7,387.7232142857143,224
53,7,288.173198482933,1582
38,7,366.2562553925798,1159
208,7,382.59093406593405,3640
84,7,387.6239782016349,367
15,7,342.5574043261231,601
192,7,240.37817433081673,1457
127,7,232.07193094629156,3128
178,7,261.94514106583074,1276
257,7,254.7948131197559,1311
149,7,251.40100250626566,2394
200,7,318.1291821561338,2152
211,7,234.64948453608247,1843
183,7,336.24369142033163,1387
120,7,320.5925925925926,81
190,7,308.5266272189349,169
9,7,293.3314763231198,718
54,7,292.7936170212766,470
93,7,285.64130434782606,92
44,7,420.45882352941175,255
6,7,356.11358574610244,449
207,7,237.52,75
55,8,260.07533632286993,3345
134,8,236.9195652173913,2300
188,8,296.74200053777895,7438
14,8,213.50941156520264,5897
143,8,327.60386540600666,7192
191,8,268.1299486249622,3309
89,8,263.8864010120177,7905
203,8,313.77606951871655,1496
19,8,267.2067247820672,803
181,8,214.07669034464615,7602
40,8,250.57271435338703,2111
22,8,245.67639198218262,4490
21,8,228.47503924646782,3185
102,8,305.4121037463977,2776
231,8,237.4416317991632,9560
256,8,328.6841688131563,5047
230,8,208.34165232358004,6972
213,8,362.0767579173376,5589
215,8,299.4864336878663,4607
246,8,219.00682683471183,7617
221,8,310.0026695141484,1873
74,8,287.53478635636003,8121
106,8,234.5536181342633,1147
185,8,260.8164596273292,3220
257,8,247.83522388059703,1675
29,8,222.26488513830287,2133
23,8,277.43386243386243,1323
149,8,221.83949476278497,3246
260,8,218.58180034338974,4077
196,8,254.2708006279435,2548
249,8,256.28998272884286,5790
137,8,279.749065670048,5619
219,8,284.7468030690537,1955
218,8,276.0021505376344,2325
113,8,254.283318815331,4592
141,8,272.3389940368162,7714
9,8,243.19379115710254,1063
255,8,279.10686319668355,4342
145,8,251.01095273818456,6665
239,8,297.6338295388208,6852
262,8,353.75170798360335,5123
232,8,392.9451953797002,4069
237,8,224.00184449489217,7048
183,8,253.47449336128582,1431
212,8,332.2848703642928,3047
140,8,269.6228956228956,6534
236,8,258.6083968511808,8003
227,8,242.04821564160972,2634
234,8,233.37100699726193,6574
142,8,274.35981749528,6356
79,8,326.81645230439443,7464
177,8,340.7521176995096,4486
48,8,243.38937135450422,7715
41,8,258.553281068525,6888
98,8,259.04608788853164,933
155,8,285.1659498207885,2790
84,8,337.68819599109133,449
81,8,305.7695681511471,2964
20,8,265.3051444679352,2838
65,8,304.3711570709894,3578
248,8,322.45731303772334,3022
168,8,244.95894655305963,6455
167,8,261.2098665588354,4946
10,8,284.33920704845815,4086
31,8,282.234126984127,252
192,8,229.70187630298818,1439
228,8,224.8572117703811,4146
162,8,186.83654729109276,4356
42,8,284.38703962703966,10725
244,8,229.97911832946636,7758
69,8,250.9077842377261,6192
49,8,322.9576885406464,5105
189,8,281.7810055865922,2685
208,8,267.2673664711331,3239
127,8,208.52645580845405,3383
169,8,272.6828667018841,5679
158,8,254.93808049535605,4845
117,8,415.73400886637114,1579
38,8,279.36355633802816,1136
97,8,300.4589504866695,4726
25,8,288.07952146375794,4263
205,8,304.1656945344567,4629
136,8,259.54030144167757,3052
242,8,240.3342398694588,3677
83,8,254.7969786293294,2714
88,8,220.08404966571155,1047
254,8,314.5422322775264,5304
200,8,252.61961620469083,2345
250,8,269.92885771543087,2994
187,8,304.3863898500577,867
146,8,241.60246679316887,2108
125,8,241.91150442477877,2712
193,8,254.53201024327785,1562
54,8,297.7038123167155,682
6,8,307.4502103786816,713
94,8,258.0627485638533,2263
220,8,222.24009124607926,3507
13,8,209.36637835440231,4509
178,8,248.93204452255418,1707
15,8,281.19883040935673,684
24,8,250.72296015180265,1581
245,8,308.4564943253468,793
211,8,250.23830508474578,2950
53,8,283.21196690006366,1571
5,8,356.0203562340967,393
251,8,290.0758873929009,817
176,8,318.1934731934732,429
93,8,267.3162393162393,117
44,8,384.2749140893471,291
190,8,264.9486166007905,253
120,8,233.11764705882354,119
111,8,145.28571428571428,21
11,9,228.79617304492513,1202
164,9,183.69813502963711,6917
4,9,311.44654895666133,3115
223,9,205.39642684693385,4142
90,9,183.89950547509713,5662
216,9,227.61823887760752,5417
122,9,247.82620320855614,1122
130,9,221.24352627570448,5252
138,9,260.92518089725036,13820
7,9,205.0885961513625,7743
68,9,190.03024502297092,7836
148,9,223.22129055778345,5486
107,9,211.42344567112144,6884
17,9,293.7023775422515,6982
108,9,235.0985294117647,1360
238,9,223.79061127997298,5922
225,9,302.4528639618138,6704
170,9,200.0863309352518,7367
132,9,258.8578656126482,6325
222,9,275.9180602006689,1196
91,9,256.1250515039143,4854
35,9,291.8999448225124,5437
150,9,227.68673355629878,897
210,9,226.44257703081232,3213
263,9,253.26325757575756,5280
179,9,233.15155847869602,3497
131,9,231.0566750629723,1588
229,9,201.37572886297377,5488
70,9,219.50790781744237,2213
56,9,239.7141252457175,3561
95,9,216.29358701000493,6097
206,9,250.2963356346256,1883
139,9,233.06254653760237,1343
175,9,240.94577553593948,793
50,9,244.3900527505652,6635
180,9,234.47087378640776,1236
129,9,228.28935636667595,7178
133,9,229.93215859030838,2270
72,9,298.5556740614334,4688
67,9,236.25296239052034,1941
85,9,253.41611721611721,2730
82,9,219.19265012312937,5279
61,9,283.6538160299365,11491
45,9,241.37332392378264,1417
87,9,196.1215361117172,4583
226,9,217.54538620560047,5321
28,9,226.97598329272537,2873
116,9,227.15762433210028,4866
151,9,219.35970192032102,3489
33,9,216.59485675614707,4433
197,9,227.07837065269175,4198
52,9,215.0436025732666,1399
144,9,194.51963284038754,3922
121,9,225.22424242424242,2145
75,9,231.70718887758562,5898
76,9,252.91942771084337,9296
39,9,282.1370266686312,6787
63,9,242.8548601864181,3004
186,9,179.27070063694268,5024
62,9,277.7638418079096,3540
124,9,286.9972299168975,1083
166,9,196.864023416711,3758
36,9,256.15844336344685,4317
147,9,235.36717517096264,1901
126,9,264.97651594812476,2853
66,9,210.42447552447553,2860
163,9,194.38075471698113,5300
80,9,231.55417956656348,4199
171,9,219.8850267379679,1870
71,9,259.9079754601227,4075
173,9,249.0552118039029,2101
118,9,278.08987161198286,701
43,9,195.72325102880657,972
112,9,222.18738763656478,7231
224,9,305.3332194121668,2926
86,9,316.9548872180451,1330
233,9,218.1026352288488,5768
174,9,215.60763316858868,3642
261,9,204.5770593445527,2258
60,9,256.22123479887745,2138
77,9,270.1642694928085,2642
101,9,261.53564899451555,547
78,9,236.6711217183771,4190
182,9,229.63401869158878,2675
157,9,250.81730103806228,2890
252,9,259.7577519379845,1032
165,9,219.33724914341656,4086
161,9,186.07833366553717,5017
119,9,244.33794162826422,3255
198,9,260.68666369313115,4484
73,9,220.85838150289018,1038
64,9,277.4831013916501,503
37,9,271.7772871533048,7247
100,9,187.5296884185773,3402
243,9,222.6565355582042,5034
160,9,243.6497737556561,2210
92,9,223.88788846935813,3443
247,9,226.7963501719122,3781
235,9,248.72227533460804,4184
214,9,238.45633456334562,813
115,9,280.76814734561214,923
217,9,325.0279299014239,1826
16,9,219.5393824826717,1587
135,9,221.875,2208
209,9,212.08133333333333,1500
258,9,247.54072468256427,3229
114,9,186.96529354524813,3083
18,9,231.78595238095238,4200
26,9,267.3648850403105,6698
32,9,235.69715698393077,2427
159,9,215.83938393839384,3636
51,9,273.8547671840355,2706
259,9,272.5116564417178,2445
57,9,230.703125,192
123,9,222.9841225626741,3590
152,9,210.1943031536114,1966
241,9,224.68690702087287,3689
47,9,225.07230471271788,3098
3,9,226.72702555736814,1839
156,9,267.02360515021456,1398
202,9,312.09959623149393,743
34,9,221.12084592145015,331
195,9,273.83463449254793,1409
96,9,272.1875,112
153,9,206.29115646258504,735
240,9,265.67849223946786,451
194,9,358.0,67
201,9,352.77966101694915,354
204,9,305.35849056603774,265
58,9,308.7198795180723,332
109,9,308.25259515570934,578
172,9,265.93118279569893,465
46,9,444.02197802197804,91
128,9,185.4585635359116,181
184,9,248.21495327102804,107
154,9,266.35,60
12,9,178.94285714285715,35
59,9,243.27184466019418,103
207,8,262.14285714285717,49
243,10,214.95166858457998,4345
75,10,221.2809250627465,5578
50,10,211.10478186321205,5249
163,10,187.80084745762713,5900
224,10,243.8811403508772,2280
129,10,225.0227309108372,6247
170,10,197.11995070518964,7303
166,10,188.0022554271215,3547
130,10,225.7055320783711,5206
4,10,251.48475836431226,2690
16,10,218.56645789839945,1437
82,10,216.66210229561014,4966
107,10,190.16577169582538,5773
139,10,234.20099255583128,1209
263,10,215.11834442595674,4808
132,10,289.99871613814355,7789
233,10,210.45861807137433,5268
100,10,189.4403546480387,3722
210,10,230.22060957910014,2756
87,10,202.79945054945054,4368
7,10,198.36658864833237,6836
148,10,191.82765836028153,5257
112,10,209.5063967611336,6175
45,10,226.94340836012861,1555
71,10,249.54442558007923,3534
138,10,327.7827375862266,17541
261,10,195.3937040065413,2446
11,10,230.14114114114113,999
223,10,207.22289488167308,3634
222,10,262.7799625468165,1068
64,10,277.5446927374302,358
116,10,214.68893583311328,3787
70,10,226.09444171175602,2033
226,10,213.36081392909585,4767
229,10,201.54468524251806,4845
43,10,182.71042084168337,998
32,10,228.6820956256358,1966
35,10,273.9034511962736,4723
238,10,204.01035391566265,5312
80,10,216.5711222301644,4197
118,10,268.4806070826307,593
156,10,276.0454950936664,1121
247,10,237.02313475997687,3458
95,10,221.48549833011074,5689
85,10,244.9073756432247,2332
175,10,232.12738853503186,628
151,10,199.3686360779384,3182
157,10,237.61282159426403,2371
37,10,248.40322580645162,6882
26,10,252.23029575138867,6661
164,10,184.24686624391683,6781
206,10,246.1382219338092,1541
115,10,287.9063324538259,758
258,10,240.7728624535316,2690
61,10,256.41170575265585,9978
33,10,204.2711027509993,4253
92,10,228.56692685747325,3459
67,10,231.13924050632912,1580
18,10,223.74945652173912,3680
165,10,220.1450479233227,3130
123,10,219.8984238178634,2855
133,10,216.9280612244898,1960
90,10,171.48368483883803,5026
135,10,227.24212936462507,1747
216,10,219.20869171570845,4418
202,10,325.1822157434402,686
225,10,272.6135800429539,6053
17,10,262.1032448377581,7119
114,10,166.67417564479268,3063
77,10,258.6281062553556,2334
72,10,278.4883825851568,4433
252,10,258.0547520661157,968
52,10,195.13543191800878,1366
66,10,198.19398129320862,2459
179,10,233.87664587664588,2886
197,10,226.2294946147473,3621
150,10,231.7270341207349,762
172,10,269.8192771084337,498
144,10,181.3593220338983,3835
195,10,245.37847533632288,1115
161,10,186.0823185582075,6159
180,10,222.6371511068335,1039
198,10,241.35808383233532,4175
186,10,179.01418754156506,4511
68,10,181.2715317173801,7756
78,10,229.99300087489064,3429
174,10,222.41992775436483,3322
209,10,219.6841046277666,1491
39,10,269.385670209119,5834
3,10,226.92398286937902,1868
159,10,218.14328991214782,3301
173,10,241.82427440633245,1895
119,10,239.46402077151336,2696
122,10,246.0121412803532,906
171,10,217.58915175995384,1733
182,10,226.03252032520325,2091
235,10,245.3694323144105,3435
36,10,237.64621574050793,3977
76,10,243.65523351474496,7901
56,10,227.07590066456802,2859
121,10,230.4680746561886,2036
131,10,221.78955114054452,1359
28,10,232.2659060991663,2279
259,10,274.3658422771815,2143
184,10,255.17592592592592,108
124,10,278.37972350230416,1085
60,10,245.44792973651192,1594
126,10,263.6011743450768,2214
62,10,259.7151664611591,3244
51,10,267.66693195384005,2513
253,10,420.77777777777777,27
241,10,224.2351940095303,2938
91,10,246.10198948090556,4373
160,10,239.9603133159269,1915
63,10,235.28476546284764,2409
152,10,209.1353424657534,1825
96,10,225.32954545454547,88
47,10,224.67192784667418,2661
147,10,234.54907161803715,1508
101,10,256.6054421768707,441
108,10,227.72993311036788,1196
34,10,229.07798165137615,436
73,10,219.677,1000
240,10,249.15743440233237,343
153,10,210.93836671802774,649
109,10,304.333904109589,584
214,10,237.34487534626038,722
201,10,330.4986301369863,365
217,10,268.66788822721026,2183
86,10,308.12603648424545,1206
58,10,294.5892857142857,280
204,10,299.02510460251045,239
194,10,361.746835443038,79
46,10,460.469696969697,66
12,10,123.6,50
59,10,229.40243902439025,82
57,10,241.18823529411765,170
128,10,188.66451612903225,155
154,10,332.97777777777776,45
132,11,248.79621606008087,6924
224,11,251.4966313763234,2078
129,11,233.056161971831,5680
37,11,242.63905945784035,6677
62,11,251.1469510163279,3001
156,11,268.5932932072227,1163
75,11,227.38351707934214,5533
87,11,211.22117647058823,4675
170,11,204.31528497409326,7720
11,11,233.99322799097067,886
263,11,216.19986326344576,4388
118,11,279.5402635431918,683
4,11,246.6809583858764,2379
16,11,224.8820754716981,1272
165,11,224.18707845225418,2817
107,11,194.05503810330228,5905
233,11,218.77463727152818,5307
229,11,206.15547106041402,4734
116,11,220.9684089603676,3482
112,11,206.5832660313358,6191
91,11,241.88914373088684,3924
68,11,181.47729540918164,8016
7,11,203.29354059764563,6626
123,11,220.8108621344474,2633
26,11,256.1038389988162,5913
17,11,262.4171983356449,7210
124,11,276.4864864864865,1147
39,11,261.57597173144876,5377
171,11,215.02254098360655,1464
258,11,239.55827974276528,2488
95,11,232.0311939763356,5578
151,11,212.59008547008548,2925
198,11,244.82803916885598,4187
148,11,189.16762257169287,5405
223,11,205.41075080338885,3423
100,11,199.9941335740072,4432
66,11,207.54699315808426,2777
209,11,229.90813810110973,1622
56,11,231.678391959799,2388
133,11,225.4814612868048,1834
138,11,268.3881399684497,13946
226,11,230.1716509627202,4882
163,11,191.24017870898166,6491
161,11,196.046625,8000
195,11,237.38893690579084,1157
214,11,235.21944809461235,761
115,11,282.9800285306705,701
172,11,260.7022900763359,524
186,11,186.00754716981132,4770
61,11,254.9241622574956,9639
235,11,248.92764612954187,3165
35,11,266.94780600461894,4330
72,11,272.7173373075012,4026
216,11,213.76017233125899,4178
67,11,227.46051712089448,1431
28,11,231.60823244552057,2065
240,11,245.70440251572327,318
47,11,230.89589504866694,2363
114,11,162.0629213483146,3115
252,11,260.6027253668763,954
164,11,192.81824121259638,7653
144,11,189.17091894332808,4429
45,11,233.74817722938866,1783
33,11,207.94692541501053,4277
119,11,237.32757166947724,2372
3,11,232.68627450980392,1734
51,11,254.62196626902508,2431
92,11,236.49790444258173,3579
63,11,227.6037483266399,2241
130,11,239.77051700941763,5203
225,11,273.2167437082691,5841
261,11,212.08694146172496,2887
202,11,329.90015847860536,631
238,11,208.31642216788916,4908
90,11,171.08105506353485,5194
166,11,197.83804951995958,3958
160,11,237.5719298245614,1710
147,11,231.98675496688742,1359
71,11,244.0506329113924,3239
80,11,210.6980764548332,4107
36,11,243.20102214650765,4109
50,11,207.99277543648404,4983
179,11,230.42353351955308,2864
76,11,244.8787000881723,7939
82,11,222.34787953288262,4881
85,11,246.10054595086442,2198
52,11,199.62277580071174,1405
122,11,245.1455223880597,804
182,11,228.05454545454546,1980
32,11,220.19315789473683,1900
210,11,231.56938937351308,2522
180,11,231.45422842197036,1147
70,11,210.3567735263702,1934
152,11,216.06752608962555,1629
174,11,224.44883359253498,3215
43,11,192.59136212624585,1204
60,11,253.73862947240752,1649
18,11,224.54239901325934,3243
247,11,235.18367952522254,3370
121,11,232.26360887096774,1984
243,11,221.71287373362986,4047
259,11,260.76495956873316,1855
78,11,232.37770122142186,3193
197,11,230.05443371378402,3417
126,11,300.6897689768977,2424
173,11,244.6045810729355,1659
222,11,263.197,1000
86,11,317.93975903614455,1162
135,11,232.9963325183374,1636
34,11,251.3093415007657,653
241,11,222.79738562091504,2448
157,11,254.6354351687389,2252
101,11,258.60407239819006,442
159,11,227.51112447384244,3326
108,11,226.36766121270452,1039
217,11,260.8139534883721,2064
77,11,255.26167778836987,2098
139,11,234.8012533572068,1117
58,11,278.9260869565217,230
201,11,326.3984375,384
194,11,404.52941176470586,102
184,11,237.76288659793815,97
131,11,226.48250610252236,1229
153,11,206.38165680473372,676
64,11,280.6875,400
206,11,253.93535875888816,1547
109,11,304.4487427466151,517
175,11,235.673343605547,649
73,11,219.00782122905028,895
8,11,257.94117647058823,17
128,11,206.02366863905326,169
150,11,224.5888252148997,698
57,11,236.95336787564767,193
204,11,326.4642857142857,196
253,11,381.7857142857143,28
99,11,395.8666666666667,15
12,11,147.07142857142858,84
96,11,233.46067415730337,89
59,11,233.87692307692308,65
154,11,309.52272727272725,44
30,11,407.40909090909093,22
46,11,482.4078947368421,76
137,12,222.67018410417603,4454
49,12,244.86835393368648,5097
254,12,256.0097205346294,3292
143,12,213.79596279437956,5053
181,12,202.04476593421592,7327
79,12,186.17021557994974,7561
65,12,252.1930030523597,4259
140,12,238.4350272232305,5510
257,12,231.04714064914992,1294
89,12,246.95550351288057,5978
145,12,215.84003308519436,6045
262,12,247.7731829573935,3192
42,12,258.3774975201927,7057
74,12,255.3427029039464,5372
251,12,276.31203566121843,673
245,12,301.745,600
236,12,213.84929292929294,7425
48,12,203.0904279449569,6613
141,12,225.25801310430316,5647
246,12,203.06907697833114,8353
250,12,235.1585239085239,1924
167,12,255.5658827920866,2679
188,12,268.5691923397169,6005
219,12,267.21463815789474,1216
14,12,216.25211267605633,4260
231,12,200.52169220807252,9266
249,12,178.72812920592193,5201
55,12,258.11366838891496,2129
142,12,207.42015272244356,6024
256,12,220.7995035325568,5237
125,12,179.1270572745227,3038
113,12,179.15016623568525,5414
189,12,223.17692591227424,2713
22,12,243.31115804294262,2841
237,12,200.89958527083073,7957
220,12,228.4083694083694,2772
228,12,231.63585843813982,3419
239,12,207.1463712491277,5732
230,12,204.39274086579042,8293
185,12,241.67660208643815,2684
134,12,225.68697596422584,1789
234,12,187.5283337352303,8294
215,12,250.6987704918033,2440
106,12,227.1600279524808,1431
44,12,347.86038961038963,308
244,12,215.92029108140125,5909
232,12,258.41219768664564,3804
196,12,247.1473469387755,2450
255,12,189.63835524098417,5934
213,12,260.47907102349444,3703
41,12,238.92011725906926,5458
25,12,242.0950704225352,4544
15,12,293.31227436823104,554
227,12,251.6360824742268,1940
162,12,202.38014487981562,6074
158,12,174.22802265451858,4061
13,12,201.5672808486879,3582
88,12,209.61705781339438,1747
24,12,222.95400340715503,1174
5,12,339.6929460580913,241
6,12,267.97742663656885,443
200,12,266.3074119076549,1646
242,12,256.5712258796822,3524
83,12,233.45751633986927,1530
168,12,259.82403136531366,4336
97,12,236.88620902906618,4851
127,12,199.6221340388007,2268
146,12,213.71046228710463,2055
54,12,217.26478149100257,389
40,12,213.67842914058053,1757
21,12,231.83959670027497,2182
248,12,239.8684210526316,1672
177,12,271.56514266070815,2909
69,12,254.55110533159947,3845
218,12,239.95364647713225,1618
169,12,244.57462686567163,3350
183,12,228.62778366914105,943
193,12,255.20833333333334,1248
211,12,173.2437103478451,4571
136,12,214.90581270182992,1858
94,12,236.19898283534647,1573
9,12,225.22873082287308,717
102,12,246.4534821903243,1881
208,12,250.71495927989713,2333
203,12,292.47747747747746,999
260,12,209.25937081659973,2988
191,12,237.07785753727222,1811
20,12,234.4117911791179,2222
149,12,224.26443202979516,2148
81,12,260.66590257879653,1745
205,12,244.44402277039848,2635
155,12,250.87783739166323,2423
212,12,243.00374131480493,1871
10,12,223.0696619950536,2426
190,12,241.10245901639345,488
187,12,280.9176829268293,656
53,12,260.59204440333025,1081
29,12,232.81333333333333,1725
192,12,214.88392857142858,1008
117,12,352.70046082949307,1085
31,12,258.6916299559471,227
19,12,254.41468253968253,504
23,12,280.13307984790873,1315
98,12,242.30046948356807,639
84,12,343.5805243445693,267
38,12,227.26348808030113,797
93,12,266.6482213438735,253
221,12,271.7660668380463,1167
176,12,313.1489361702128,282
178,12,236.22963689892052,1019
111,12,169.21052631578948,19
120,12,234.05,80
207,12,264.65671641791045,67
27,12,468.06666666666666,15
236,13,210.9652269904788,7247
88,13,209.13003095975233,1938
169,13,249.78160614895307,3773
246,13,199.9222679469593,8748
79,13,190.6691683070866,8128
234,13,187.351289919309,8799
256,13,217.63272931066692,5353
93,13,275.99305555555554,288
181,13,203.88767014668957,7567
137,13,214.8006223073241,4178
244,13,215.51516658378915,6033
127,13,207.76494023904382,2259
49,13,240.00573802928375,5054
145,13,207.36778807085975,6153
140,13,236.8392721758908,5276
97,13,243.9732868757259,5166
249,13,182.4765889264732,5617
146,13,213.87789799072644,1941
215,13,267.811002994012,2672
218,13,260.2568140520896,1651
219,13,283.7002204261572,1361
38,13,247.62486126526082,901
177,13,270.4357989113032,3123
262,13,247.6919385796545,3126
40,13,216.75706214689265,1770
231,13,203.88673557278207,9288
113,13,179.88584316446912,5764
141,13,221.11123616582256,5331
190,13,233.10245901639345,488
53,13,264.3690773067332,1203
142,13,200.29051277470074,5597
14,13,213.74971584451012,4399
143,13,204.52172114191146,4834
239,13,206.47844674029213,5614
162,13,198.45295335137718,6281
211,13,184.67634307257305,5305
44,13,332.0988023952096,334
21,13,231.45627906976745,2150
25,13,245.45577933450087,4568
255,13,197.71730413325108,6484
155,13,249.5448619631902,2608
89,13,240.99856344772545,6265
134,13,232.62753036437246,1976
196,13,253.87321711568939,2524
65,13,267.70031317754757,4151
242,13,231.0008486562942,3535
29,13,236.5881649731022,1673
125,13,185.14722313506408,3043
158,13,177.56987690079652,4143
74,13,259.0492636746143,5704
42,13,258.54322334333244,7334
205,13,268.715221459763,3206
5,13,351.4724409448819,254
176,13,314.7824773413897,331
149,13,228.50815956482322,2206
260,13,213.98408057179986,3078
189,13,226.12994746059545,2855
22,13,237.65076717811874,2998
168,13,265.7105488850772,4664
55,13,250.61415220293725,2247
48,13,193.85748560460652,6252
41,13,235.63236603168951,5617
19,13,257.7671451355662,627
230,13,198.48660714285714,7840
237,13,198.7904761904762,7875
254,13,257.8502352326189,3826
13,13,201.28852838933952,3452
191,13,245.04091341579448,2102
106,13,224.60361523563589,1549
20,13,250.3358085808581,2424
94,13,237.57392316647264,1718
98,13,242.59500693481277,721
69,13,261.35231492943797,4039
10,13,236.14080242240726,2642
185,13,233.7914498141264,2690
232,13,274.856504468719,4028
228,13,230.675,3680
227,13,251.36402877697842,2085
203,13,316.40677966101697,1121
188,13,260.11367731367733,6105
102,13,250.7357142857143,1960
200,13,259.2732174955063,1669
208,13,251.33612440191388,2508
24,13,220.53596837944664,1265
248,13,246.086508753862,1942
207,13,299.25347222222223,288
23,13,299.01822323462414,1317
250,13,238.3755868544601,2130
136,13,223.01132686084142,1854
81,13,259.5876639145216,2059
220,13,226.4556193047587,2963
212,13,255.046986236355,2107
213,13,272.61218705715635,4234
193,13,244.32656376929324,1231
167,13,257.6001332889037,3001
54,13,236.30666666666667,375
187,13,290.8723098995696,697
257,13,221.53800675675674,1184
83,13,230.7988578680203,1576
178,13,232.04840370751802,971
117,13,336.43195785777,1139
183,13,235.46262626262626,990
9,13,233.6847960444994,809
221,13,267.24,1250
6,13,257.6386036960986,487
251,13,275.2989214175655,649
192,13,225.3534338358459,1194
31,13,242.55595667870037,277
245,13,294.1858156028369,705
15,13,300.205501618123,618
84,13,336.4478672985782,422
111,13,209.08,25
120,13,222.06451612903226,93
2,12,591.3333333333334,3
148,14,218.5060708263069,5930
132,14,284.49953362163996,11793
233,14,217.80933596318212,4563
90,14,180.72610699258667,4991
179,14,231.8748692924364,2869
7,14,204.32167058498132,7231
138,14,344.1523312115772,18381
229,14,208.91469303288113,4349
163,14,191.94169340214813,7169
170,14,204.26943005181346,7913
157,14,259.2449494949495,2376
116,14,239.83796296296296,3672
131,14,258.43947368421055,1520
28,14,259.59615384615387,2444
75,14,253.25701839303002,6198
50,14,216.06186238332972,4607
216,14,208.7243543758967,5576
61,14,274.27052622174574,11193
66,14,221.98052325581395,3440
33,14,224.46728748806112,4188
100,14,207.35402792696027,4655
225,14,269.38110953952537,6363
62,14,272.9088791848617,3435
238,14,224.3702525352953,5029
37,14,251.3003847684755,7537
76,14,257.2133483314586,10668
114,14,178.24436000949893,4211
4,14,261.7720420283234,2189
129,14,241.36043017554957,6323
130,14,276.89230769230767,6825
133,14,230.730081300813,1845
68,14,194.959046659953,8937
87,14,212.54705117085862,4612
71,14,267.60079149146674,4043
107,14,196.7410729395837,5909
186,14,195.51588664662947,4658
52,14,208.98220396988364,1461
56,14,255.52136417091336,2551
226,14,224.0435631959367,5119
95,14,254.09794879949118,6289
224,14,257.0689655172414,1711
17,14,273.03082378614295,7332
206,14,285.4263233190272,2097
166,14,200.0782942238267,4432
164,14,196.356336582863,7796
82,14,234.6544885177453,5748
77,14,274.5728222996516,2870
223,14,207.42659574468084,3760
209,14,225.53790412486066,1794
151,14,224.95185052102048,2783
72,14,300.0762711864407,4720
35,14,302.1380327868852,6100
112,14,198.19581838040256,6409
91,14,254.40221795692045,4689
263,14,231.70878992772208,4289
261,14,219.30395578824897,3438
258,14,249.6893203883495,2884
174,14,243.45618617905487,4211
161,14,202.96512539184954,10208
165,14,235.15409004438808,3154
241,14,249.7021212121212,3300
36,14,238.05981627857295,4681
247,14,287.910447761194,4556
144,14,213.82045527412632,6238
173,14,279.1573033707865,1869
118,14,303.52357320099253,1209
39,14,276.2564907275321,7010
92,14,251.9997782213351,4509
32,14,249.58830845771143,2412
119,14,264.83297872340427,2820
147,14,260.296875,1856
122,14,276.3401430030643,979
70,14,222.74717514124293,2124
217,14,280.34092112228694,1889
85,14,268.13235294117646,2788
160,14,249.13612836438924,1932
202,14,303.0194174757282,618
156,14,297.24982406755805,1421
182,14,238.60940781184377,2381
126,14,313.68636693255985,2758
78,14,270.928997020854,4028
259,14,294.26986076986077,2442
235,14,279.75662778366916,3772
153,14,223.34964322120285,981
243,14,231.00112764997743,4434
171,14,227.88524590163934,1586
180,14,249.05871886120997,1686
108,14,237.24800580130528,1379
184,14,274.725,160
51,14,257.17322616407984,3608
45,14,259.7669858641131,2193
47,14,271.8068397720076,3158
135,14,232.51389645776567,1835
222,14,287.5057189542484,1224
43,14,195.88739603326934,1563
121,14,240.29026915113872,2415
86,14,356.68267358857884,1541
175,14,253.521094640821,877
198,14,241.04158586511528,4641
195,14,255.48032994923858,1576
194,14,393.4712643678161,87
3,14,245.6285836542576,2337
80,14,215.01212522045856,4536
11,14,234.07651434643995,941
210,14,237.7474437627812,2934
159,14,270.91497695852536,4340
154,14,295.8785046728972,107
12,14,177.8121546961326,181
26,14,277.4090245090083,6161
59,14,266.5050505050505,99
197,14,238.0666163901458,3978
150,14,238.1296518607443,833
58,14,290.3114186851211,289
67,14,231.60174781523096,1602
16,14,247.2271954674221,1765
60,14,285.67827769714563,2067
201,14,328.9004524886878,442
128,14,219.51388888888889,216
63,14,235.49738023952096,2672
18,14,258.4527559055118,4318
109,14,321.28217054263564,645
96,14,259.07272727272726,110
152,14,230.06089238845144,1905
73,14,223.11454753722796,873
214,14,262.0619918699187,984
139,14,285.48062542488105,1471
115,14,318.31823085221146,927
123,14,241.78276353276354,2808
101,14,267.6309523809524,588
124,14,269.07327285415215,1433
64,14,287.70398481973433,527
252,14,272.9753086419753,1134
34,14,247.13106796116506,824
240,14,271.9976580796253,427
172,14,325.9746192893401,788
46,14,415.03225806451616,93
253,14,297.60869565217394,46
204,14,312.9009433962264,212
57,14,261.1242937853107,177
30,14,417.1111111111111,27
8,14,228.57894736842104,19
73,15,213.9344790547798,931
58,15,280.06584362139915,243
108,15,236.23557312252964,1265
122,15,252.15977653631285,895
57,15,256.1231884057971,138
12,15,212.78155339805826,206
8,15,207.67441860465115,43
96,15,267.48201438848923,139
99,15,370.06451612903226,31
30,16,356.075,40
8,16,208.0857142857143,35
8,17,219.46511627906978,43
99,18,319.0,22
111,20,213.66666666666666,21
253,17,322.8125,32
253,18,270.9047619047619,21
111,21,189.1764705882353,17
27,23,557.3076923076923,13
120,23,273.53333333333336,60
207,1,314.39285714285717,28
194,2,604.3333333333334,9
31,3,297.475,40
184,5,324.8222222222222,45
120,6,249.54545454545453,33
111,6,232.4,10
2,7,772.0,1
27,8,434.875,24
99,9,253.93333333333334,15
12,0,289.0,22
253,0,439.5,2
96,2,311.7391304347826,23
12,5,154.66666666666666,3
111,7,194.63636363636363,11
8,9,231.52173913043478,23
30,10,446.8421052631579,19
99,14,305.5,22
154,0,371.0769230769231,26
27,7,432.3333333333333,9
105,19,525.0,1
190,3,294.05,40
111,4,406.64285714285717,14
253,9,267.27777777777777,18
30,9,444.0869565217391,23
8,10,220.57142857142858,14
253,22,285.6666666666667,6
253,5,384.8,5
8,2,215.8,5
111,3,277.11764705882354,17
110,9,325.0,2
27,13,620.25,16
110,16,389.5,2
99,5,338.5,4
99,10,346.2,5
2,4,725.0,1
110,18,308.0,2
2,13,387.6666666666667,3
2,21,161.0,1
110,22,335.0,1
110,15,261.0,2
27,3,400.5,2
110,5,257.0,1
199,21,475.0,2
253,2,320.0,1
8,5,263.3333333333333,3
199,8,443.0,1
